Q , F(Q)_RMC, F(Q)_Expt
  0.75999980000000000       ,   -1.6334637488681194       ,  -0.82974274975835360     
  0.77999980000000002       ,   -1.4449614735489202       ,  -0.75884339856288208     
  0.79999980000000004       ,   -1.2720970157654337       ,  -0.70041100458200001     
  0.81999979999999995       ,   -1.1189670617742351       ,  -0.65712157828208018     
  0.83999979999999996       ,  -0.98901462647514371       ,  -0.63117112908456507     
  0.85999979999999998       ,  -0.88496611539715009       ,  -0.62423138268460876     
  0.87999980000000000       ,  -0.80878741835000056       ,  -0.63741717329113212     
  0.89999980000000002       ,  -0.76165905649284826       ,  -0.67126608668519094     
  0.91999980000000003       ,  -0.74396997787082420       ,  -0.72573067183941908     
  0.93999980000000005       ,  -0.75532921953227050       ,  -0.80018327650934662     
  0.95999979999999996       ,  -0.79459432836923594       ,  -0.89343330118549014     
  0.97999979999999998       ,  -0.85991515975687005       ,   -1.0037564114853328     
  0.99999979999999999       ,  -0.94879145457792469       ,   -1.1289350066699200     
   1.0199997999999999       ,   -1.0581424316622998       ,   -1.2663090163870296     
   1.0399997999999999       ,   -1.1843865222941641       ,   -1.4128358934620866     
   1.0599997999999999       ,   -1.3235293120475149       ,   -1.5651584915732344     
   1.0799998000000000       ,   -1.4712577363554784       ,   -1.7196793663780856     
   1.0999998000000000       ,   -1.6230385918190784       ,   -1.8726399198881296     
   1.1199998000000000       ,   -1.7742194665280668       ,   -2.0202027227040866     
   1.1399998000000000       ,   -1.9201302511445399       ,   -2.1585352985011088     
   1.1599998000000000       ,   -2.0561834610481831       ,   -2.2838936405108989     
   1.1799998000000000       ,   -2.1779716734045618       ,   -2.3927037505692343     
   1.1999998000000001       ,   -2.2813604590835239       ,   -2.4816395467293142     
   1.2199998000000001       ,   -2.3625752680569700       ,   -2.5476955739258087     
   1.2399998000000001       ,   -2.4182808107700406       ,   -2.5882530714940102     
   1.2599997999999999       ,   -2.4456515713748317       ,   -2.6011380986778652     
   1.2799997999999999       ,   -2.4424321970874101       ,   -2.5846705912397692     
   1.2999997999999999       ,   -2.4069866369278534       ,   -2.5377034150917619     
   1.3199997999999999       ,   -2.3383350577100894       ,   -2.4596506923118007     
   1.3399998000000000       ,   -2.2361777488934562       ,   -2.3505048965147179     
   1.3599998000000000       ,   -2.1009054422655709       ,   -2.2108424436639278     
   1.3799998000000000       ,   -1.9335957164321191       ,   -2.0418177362976029     
   1.3999998000000000       ,   -1.7359954262128177       ,   -1.8451458490822736     
   1.4199998000000000       ,   -1.5104893872998355       ,   -1.6230742669909572     
   1.4399998000000001       ,   -1.2600558488250815       ,   -1.3783442998305748     
   1.4599998000000001       ,  -0.98820959109889406       ,   -1.1141429942099406     
   1.4799998000000001       ,  -0.69893378203919376       ,  -0.83404654260893218     
   1.4999998000000001       ,  -0.39660200272978974       ,  -0.54195634569216899     
   1.5199997999999999       ,   -8.5892099541897693E-002  ,  -0.24202901561514503     
   1.5399997999999999       ,   0.22830627224311240       ,    6.1398287441971906E-002
   1.5599997999999999       ,   0.54098838837689645       ,   0.36388571756470506     
   1.5799998000000000       ,   0.84713334779725602       ,   0.66097029038081090     
   1.5999998000000000       ,    1.1418029366312468       ,   0.94824558585149876     
   1.6199998000000000       ,    1.4202382936207982       ,    1.2214400915488912     
   1.6399998000000000       ,    1.6779522746233360       ,    1.4764927151344285     
   1.6599998000000000       ,    1.9108155371199631       ,    1.7096240664510163     
   1.6799998000000000       ,    2.1151345392827219       ,    1.9174022074193209     
   1.6999998000000001       ,    2.2877198656576105       ,    2.0968016894300021     
   1.7199998000000001       ,    2.4259435452320104       ,    2.2452548403682564     
   1.7399998000000001       ,    2.5277843090566536       ,    2.3606944236573950     
   1.7599997999999999       ,    2.5918600347135845       ,    2.4415869663361320     
   1.7799997999999999       ,    2.6174469347027691       ,    2.4869562385498774     
   1.7999997999999999       ,    2.6044853564405552       ,    2.4963965591628043     
   1.8199997999999999       ,    2.5535723647199200       ,    2.4700757976469836     
   1.8399998000000000       ,    2.4659415656194912       ,    2.4087281371618250     
   1.8599998000000000       ,    2.3434308973292701       ,    2.3136368540745966     
   1.8799998000000000       ,    2.1884393525888939       ,    2.1866075515319165     
   1.8999998000000000       ,    2.0038738049217235       ,    2.0299324557401004     
   1.9199998000000000       ,    1.7930872832419902       ,    1.8463465403087884     
   1.9399998000000001       ,    1.5598101744822079       ,    1.6389763836558007     
   1.9599998000000001       ,    1.3080759304805583       ,    1.4112827847479086     
   1.9799998000000001       ,    1.0421429133395896       ,    1.1669982614669419     
   1.9999998000000001       ,   0.76641403359615368       ,   0.91006063219672673     
   2.0199997999999999       ,   0.48535581942911332       ,   0.64454393383930109     
   2.0399997999999999       ,   0.20341850509110410       ,   0.37458795787517118     
   2.0599997999999999       ,   -7.5041354297173707E-002  ,   0.10432769023666108     
   2.0799998000000000       ,  -0.34583434309810640       ,  -0.16217607892237973     
   2.0999998000000000       ,  -0.60500645461658265       ,  -0.42100375215336816     
   2.1199998000000000       ,  -0.84890105583279130       ,  -0.66844036933608786     
   2.1399998000000000       ,   -1.0742136012920760       ,  -0.90103442549932800     
   2.1599998000000000       ,   -1.2780383289690049       ,   -1.1156510899649443     
   2.1799998000000000       ,   -1.4579063567895836       ,   -1.3095189734269852     
   2.1999998000000001       ,   -1.6118147871202371       ,   -1.4802697214224121     
   2.2199998000000001       ,   -1.7382466139226025       ,   -1.6259698551630541     
   2.2399998000000001       ,   -1.8361814096907951       ,   -1.7451444310557678     
   2.2599998000000001       ,   -1.9050969433100113       ,   -1.8367922455366799     
   2.2799998000000001       ,   -1.9449620425479834       ,   -1.9003924691590559     
   2.2999998000000001       ,   -1.9562211633720048       ,   -1.9359027503076458     
   2.3199998000000002       ,   -1.9397712604785391       ,   -1.9437489816493703     
   2.3399998000000002       ,   -1.8969316676023769       ,   -1.9248070687881622     
   2.3599998000000002       ,   -1.8294077910925997       ,   -1.8803771780596110     
   2.3799998000000002       ,   -1.7392494951390842       ,   -1.8121510666855041     
   2.3999997999999998       ,   -1.6288051116148776       ,   -1.7221732115641388     
   2.4199997999999998       ,   -1.5006720419262030       ,   -1.6127965510356881     
   2.4399997999999998       ,   -1.3576449331144198       ,   -1.4866337355723920     
   2.4599997999999998       ,   -1.2026624066947815       ,   -1.3465048473628862     
   2.4799997999999999       ,   -1.0387532976408167       ,   -1.1953825943842158     
   2.4999997999999999       ,  -0.86898332410521484       ,   -1.0363360113204034     
   2.5199997999999999       ,  -0.69640305770285849       ,  -0.87247370746882025     
   2.5399997999999999       ,  -0.52399800142272124       ,  -0.70688769078537628     
   2.5599997999999999       ,  -0.35464150953206230       ,  -0.54259876799160622     
   2.5799998000000000       ,  -0.19105120327248173       ,  -0.38250447404144489     
   2.5999998000000000       ,   -3.5749449783584047E-002  ,  -0.22933042135154066     
   2.6199998000000000       ,   0.10897161849112982       ,   -8.5585881425220070E-002
   2.6399998000000000       ,   0.24108015880003986       ,    4.6475679530504736E-002
   2.6599998000000000       ,   0.35882945476405248       ,   0.16489049185989194     
   2.6799998000000000       ,   0.46077733318090336       ,   0.26801229335736226     
   2.6999998000000001       ,   0.54580004801155502       ,   0.35453367181038842     
   2.7199998000000001       ,   0.61310060362151986       ,   0.42350067552035109     
   2.7399998000000001       ,   0.66221156991266916       ,   0.47432055530489281     
   2.7599998000000001       ,   0.69299251745999280       ,   0.50676262920339288     
   2.7799998000000001       ,   0.70562227072763783       ,   0.52095238710819780     
   2.7999998000000001       ,   0.70058624161716643       ,   0.51735907462114494     
   2.8199998000000002       ,   0.67865916387871805       ,   0.49677711147462239     
   2.8399998000000002       ,   0.64088360128278599       ,   0.46030180787444863     
   2.8599998000000002       ,   0.58854464897018632       ,   0.40929994029275441     
   2.8799998000000002       ,   0.52314128817268890       ,   0.34537583492581492     
   2.8999997999999998       ,   0.44635488963333259       ,   0.27033368081123182     
   2.9199997999999998       ,   0.36001539063481103       ,   0.18613685428301927     
   2.9399997999999998       ,   0.26606569459807972       ,    9.4865081098559206E-002
   2.9599997999999998       ,   0.16652486070403694       ,   -1.3297084680743815E-003
   2.9799997999999999       ,    6.3450663803688676E-002  ,  -0.10026796339382893     
   2.9999997999999999       ,   -4.1097888181378779E-002  ,  -0.19978666967190484     
   3.0199997999999999       ,  -0.14509749137770783       ,  -0.29778223652717012     
   3.0399997999999999       ,  -0.24659635530093912       ,  -0.39225130039694533     
   3.0599997999999999       ,  -0.34374831467115025       ,  -0.48132868566756642     
   3.0799998000000000       ,  -0.43484469374454138       ,  -0.56332182465110647     
   3.0999998000000000       ,  -0.51834340059752393       ,  -0.63674101536166383     
   3.1199998000000000       ,  -0.59289476410249087       ,  -0.70032498284667233     
   3.1399998000000000       ,  -0.65736366975422134       ,  -0.75306130648713043     
   3.1599998000000000       ,  -0.71084760211393350       ,  -0.79420137997383256     
   3.1799998000000000       ,  -0.75269026133419492       ,  -0.82326968062771322     
   3.1999998000000001       ,  -0.78249048870831817       ,  -0.84006723829048224     
   3.2199998000000001       ,  -0.80010631091911433       ,  -0.84466930902742587     
   3.2399998000000001       ,  -0.80565399386300152       ,  -0.83741737318761722     
   3.2599998000000001       ,  -0.79950208355938535       ,  -0.81890568879615522     
   3.2799998000000001       ,  -0.78226050242999146       ,  -0.78996273769406999     
   3.2999998000000001       ,  -0.75476486261394482       ,  -0.75162800126588081     
   3.3199998000000002       ,  -0.71805625221816127       ,  -0.70512459309864839     
   3.3399998000000002       ,  -0.67335684354988201       ,  -0.65182835575555020     
   3.3599998000000002       ,  -0.62204176235866304       ,  -0.59323409647222269     
   3.3799998000000002       ,  -0.56560774175996431       ,  -0.53091969067032840     
   3.3999997999999998       ,  -0.50563916162447298       ,  -0.46650882165783869     
   3.4199997999999998       ,  -0.44377214163653078       ,  -0.40163314895158664     
   3.4399997999999998       ,  -0.38165741189733438       ,  -0.33789470581082354     
   3.4599997999999998       ,  -0.32092272699506796       ,  -0.27682931861262522     
   3.4799997999999999       ,  -0.26313561624940884       ,  -0.21987181674635753     
   3.4999997999999999       ,  -0.20976727303281548       ,  -0.16832376218526621     
   3.5199997999999999       ,  -0.16215837871077524       ,  -0.12332437354879763     
   3.5399997999999999       ,  -0.12148763127435092       ,   -8.5825251339017930E-002
   3.5599997999999999       ,   -8.8743705056818029E-002  ,   -5.6569430440394586E-002
   3.5799998000000000       ,   -6.4701306401240943E-002  ,   -3.6075194495646758E-002
   3.5999998000000000       ,   -4.9901911631475449E-002  ,   -2.4624986224205767E-002
   3.6199998000000000       ,   -4.4639679509681882E-002  ,   -2.2259640144349249E-002
   3.6399998000000000       ,   -4.8952922335256631E-002  ,   -2.8778051665559089E-002
   3.6599998000000000       ,   -6.2621400177577682E-002  ,   -4.3742281421850222E-002
   3.6799998000000000       ,   -8.5169574042813737E-002  ,   -6.6487978380207702E-002
   3.6999998000000001       ,  -0.11587581897803470       ,   -9.6139892066438373E-002
   3.7199998000000001       ,  -0.15378746038630217       ,  -0.13163213556587711     
   3.7399998000000001       ,  -0.19774135950328958       ,  -0.17173275906788166     
   3.7599998000000001       ,  -0.24638964048666975       ,  -0.21507210079954198     
   3.7799998000000001       ,  -0.29823002529681486       ,  -0.26017430023611010     
   3.7999998000000001       ,  -0.35164012679611950       ,  -0.30549128927268004     
   3.8199998000000002       ,  -0.40491494835732683       ,  -0.34943852213046134     
   3.8399998000000002       ,  -0.45630675255195408       ,  -0.39043166540175034     
   3.8599998000000002       ,  -0.50406639461870195       ,  -0.42692344674227328     
   3.8799998000000002       ,  -0.54648517037447386       ,  -0.45743985488939809     
   3.8999997999999998       ,  -0.58193620450703587       ,  -0.48061489515261091     
   3.9199997999999998       ,  -0.60891440470408098       ,  -0.49522313315479605     
   3.9399997999999998       ,  -0.62607403016807306       ,  -0.50020930489591076     
   3.9599997999999998       ,  -0.63226296947580696       ,  -0.49471433229954970     
   3.9799997999999999       ,  -0.62655289159905792       ,  -0.47809715907411821     
   3.9999997999999999       ,  -0.60826452375426954       ,  -0.44995191043465466     
   4.0199997999999999       ,  -0.57698741858719138       ,  -0.41011998015382922     
   4.0399998000000004       ,  -0.53259369850947669       ,  -0.35869675744620916     
   4.0599997999999999       ,  -0.47524540383148550       ,  -0.29603282202751868     
   4.0799998000000004       ,  -0.40539522035334657       ,  -0.22272955585025636     
   4.0999998000000000       ,  -0.32378051767465582       ,  -0.13962924190337586     
   4.1199998000000004       ,  -0.23141078786049363       ,   -4.7799841420967840E-002
   4.1399998000000000       ,  -0.12954873136301667       ,    5.1485241783842811E-002
   4.1599997999999996       ,   -1.9685389355282128E-002  ,   0.15677198995943670     
   4.1799998000000000       ,    9.6490134892526377E-002  ,   0.26645467061790373     
   4.1999997999999996       ,   0.21712569185050892       ,   0.37880819235980540     
   4.2199998000000001       ,   0.34024504955919421       ,   0.49202322493069445     
   4.2399997999999997       ,   0.46378991928716162       ,   0.60424332755646482     
   4.2599998000000001       ,   0.58566408087931709       ,   0.71360328243080873     
   4.2799997999999997       ,   0.70377859258020559       ,   0.81826780058601722     
   4.2999998000000001       ,   0.81609704128610228       ,   0.91646975603090819     
   4.3199997999999997       ,   0.92067978534824058       ,    1.0065471113439335     
   4.3399998000000002       ,    1.0157261633521304       ,    1.0869777238099572     
   4.3599997999999998       ,    1.0996136882438894       ,    1.1564112652100937     
   4.3799998000000002       ,    1.1709333156673636       ,    1.2136975496316202     
   4.3999997999999998       ,    1.2285199667362030       ,    1.2579106408794372     
   4.4199998000000003       ,    1.2714775964792708       ,    1.2883682025956649     
   4.4399997999999998       ,    1.2991982271697036       ,    1.3046456580476073     
   4.4599998000000003       ,    1.3113745075713545       ,    1.3065848404550731     
   4.4799997999999999       ,    1.3080055113699918       ,    1.2942969361806507     
   4.4999998000000003       ,    1.2893956470132630       ,    1.2681596494004983     
   4.5199997999999999       ,    1.2561467130190340       ,    1.2288086451815530     
   4.5399998000000004       ,    1.2091432936233972       ,    1.1771234553246654     
   4.5599997999999999       ,    1.1495318455591506       ,    1.1142081550059386     
   4.5799998000000004       ,    1.0786939740462382       ,    1.0413672353452219     
   4.5999998000000000       ,   0.99821453122167025       ,   0.96007720487004578     
   4.6199998000000004       ,   0.90984529002822256       ,   0.87195454894163449     
   4.6399998000000000       ,   0.81546504819282817       ,   0.77872075834075050     
   4.6599997999999996       ,   0.71703709797983128       ,   0.68216520445554940     
   4.6799998000000000       ,   0.61656505603095779       ,   0.58410668730958792     
   4.6999997999999996       ,   0.51604808247937528       ,   0.48635451284558506     
   4.7199998000000001       ,   0.41743652890453459       ,   0.39066996669284437     
   4.7399997999999997       ,   0.32258904042470832       ,   0.29872904278992357     
   4.7599998000000001       ,   0.23323209874437500       ,   0.21208725685599414     
   4.7799997999999997       ,   0.15092293130376810       ,   0.13214732740395890     
   4.7999998000000001       ,    7.7016628386976801E-002  ,    6.0130441802712223E-002
   4.8199997999999997       ,    1.2638207214671009E-002  ,   -2.9482567194848916E-003
   4.8399998000000002       ,   -4.1339757785073837E-002  ,   -5.6299421444299384E-002
   4.8599997999999998       ,   -8.4313453236382063E-002  ,   -9.9374062830400067E-002
   4.8799998000000002       ,  -0.11595775303292816       ,  -0.13187260494256242     
   4.8999997999999998       ,  -0.13622956398040709       ,  -0.15374825085698138     
   4.9199998000000003       ,  -0.14536455804233930       ,  -0.16520460032685513     
   4.9399997999999998       ,  -0.14386741402951120       ,  -0.16668759438202141     
   4.9599998000000003       ,  -0.13249584348930882       ,  -0.15887199120852930     
   4.9799997999999999       ,  -0.11223882013309097       ,  -0.14264270260334333     
   4.9999998000000003       ,   -8.4289565994532897E-002  ,  -0.11907143762466764     
   5.0199997999999999       ,   -5.0013967521447378E-002  ,   -8.9389207030362502E-002
   5.0399998000000004       ,   -1.0915198197286702E-002  ,   -5.4955336223075843E-002
   5.0599997999999999       ,    3.1404591292373482E-002  ,   -1.7223713504803249E-002
   5.0799998000000004       ,    7.5284590781990429E-002  ,    2.2292937362184562E-002
   5.0999998000000000       ,   0.11904669037261809       ,    6.2059927441031421E-002
   5.1199998000000004       ,   0.16103689814169214       ,   0.10055775842614738     
   5.1399998000000000       ,   0.19966583695093404       ,   0.13631870210614166     
   5.1599997999999996       ,   0.23344736981099248       ,   0.16796195713201245     
   5.1799998000000000       ,   0.26103445389737012       ,   0.19422657193068804     
   5.1999997999999996       ,   0.28125139492024021       ,   0.21400137664677338     
   5.2199998000000001       ,   0.29312176429880860       ,   0.22635123861392203     
   5.2399997999999997       ,   0.29589134920354038       ,   0.23053904336205797     
   5.2599998000000001       ,   0.28904562734378847       ,   0.22604290449274853     
   5.2799997999999997       ,   0.27232139141004924       ,   0.21256821851049809     
   5.2999998000000001       ,   0.24571228909693116       ,   0.19005430222088476     
   5.3199997999999997       ,   0.20946819023323632       ,   0.15867547772812035     
   5.3399998000000002       ,   0.16408843924027891       ,   0.11883660037700094     
   5.3599997999999998       ,   0.11030919543627996       ,    7.1163155112089163E-002
   5.3799998000000002       ,    4.9085202190572198E-002  ,    1.6486173600830968E-002
   5.3999997999999998       ,   -1.8433544645031240E-002  ,   -4.4177654902641868E-002
   5.4199998000000003       ,   -9.0929641253813379E-002  ,  -0.10965019443012861     
   5.4399997999999998       ,  -0.16694994298324728       ,  -0.17861981054387949     
   5.4599998000000003       ,  -0.24494027830412862       ,  -0.24967238579234663     
   5.4799997999999999       ,  -0.32328236740487931       ,  -0.32132466246836061     
   5.4999998000000003       ,  -0.40033205728916144       ,  -0.39205912068025733     
   5.5199997999999999       ,  -0.47445796072998248       ,  -0.46035956652789334     
   5.5399998000000004       ,  -0.54407958377023435       ,  -0.52474659156353476     
   5.5599997999999999       ,  -0.60770404555100921       ,  -0.58381207098631127     
   5.5799998000000004       ,  -0.66396053448157755       ,  -0.63625189396861181     
   5.5999998000000000       ,  -0.71163170502185324       ,  -0.68089616447240053     
   5.6199998000000004       ,  -0.74968129804460826       ,  -0.71673617376021959     
   5.6399998000000000       ,  -0.77727736286438132       ,  -0.74294752499010730     
   5.6599997999999996       ,  -0.79381056816996143       ,  -0.75890888386945210     
   5.6799998000000000       ,  -0.79890720956545636       ,  -0.76421593505282870     
   5.6999997999999996       ,  -0.79243665024897225       ,  -0.75869023924111301     
   5.7199998000000001       ,  -0.77451306539698594       ,  -0.74238280798917233     
   5.7399997999999997       ,  -0.74549149683468507       ,  -0.71557233911714568     
   5.7599998000000001       ,  -0.70595835929316619       ,  -0.67875818232263418     
   5.7799997999999997       ,  -0.65671666977422238       ,  -0.63264822907348139     
   5.7999998000000001       ,  -0.59876639418636135       ,  -0.57814204015189119     
   5.8199997999999997       ,  -0.53328041761070977       ,  -0.51630963548354147     
   5.8399998000000002       ,  -0.46157674370495361       ,  -0.44836647148497000     
   5.8599997999999998       ,  -0.38508761259366348       ,  -0.37564521873112028     
   5.8799998000000002       ,  -0.30532629324564153       ,  -0.29956502523520578     
   5.8999997999999998       ,  -0.22385235435369494       ,  -0.22159900637101757     
   5.9199998000000003       ,  -0.14223624611851740       ,  -0.14324074018759811     
   5.9399997999999998       ,   -6.2024033586562978E-002  ,   -6.5970565744281923E-002
   5.9599998000000003       ,    1.5296889720179662E-002  ,    8.7775182369095144E-003
   5.9799997999999999       ,    8.8330310751972535E-002  ,    7.9647576544050872E-002
   5.9999998000000003       ,   0.15580118169527982       ,   0.14539134260348907     
   6.0199997999999999       ,   0.21658240154290370       ,   0.20489502122073872     
   6.0399998000000004       ,   0.26971779880902064       ,   0.25720267623077653     
   6.0599997999999999       ,   0.31444081652638012       ,   0.30153567629307937     
   6.0799998000000004       ,   0.35018850845957711       ,   0.33730777015512048     
   6.0999998000000000       ,   0.37661057156589373       ,   0.36413547051029066     
   6.1199998000000004       ,   0.39357326126125053       ,   0.38184354043389640     
   6.1399998000000000       ,   0.40115816002414295       ,   0.39046549547577708     
   6.1599997999999996       ,   0.39965589328442919       ,   0.39023915491420597     
   6.1799998000000000       ,   0.38955500642607338       ,   0.38159739450846547     
   6.1999997999999996       ,   0.37152633022619230       ,   0.36515436745671964     
   6.2199998000000001       ,   0.34640326648033393       ,   0.34168756742446660     
   6.2399997999999997       ,   0.31515851849422444       ,   0.31211620490050640     
   6.2599998000000001       ,   0.27887787042443274       ,   0.27747645345687050     
   6.2799997999999997       ,   0.23873168334499117       ,   0.23889419373851878     
   6.2999998000000001       ,   0.19594482301435565       ,   0.19755593854365350     
   6.3199997999999997       ,   0.15176576364941413       ,   0.15467866092501234     
   6.3399998000000002       ,   0.10743562305256546       ,   0.11147926801586648     
   6.3599997999999998       ,    6.4157877106553601E-002  ,    6.9144465870930455E-002
   6.3799998000000002       ,    2.3069476318453099E-002  ,    2.8801745066932977E-002
   6.3999997999999998       ,   -1.4785955437593982E-002  ,   -8.5078163714885722E-003
   6.4199998000000003       ,   -4.8482218346690149E-002  ,   -4.1854286042205938E-002
   6.4399997999999998       ,   -7.7231381528971396E-002  ,   -7.0440564820549514E-002
   6.4599998000000003       ,  -0.10040091202937854       ,   -9.3620526636951182E-002
   6.4799997999999999       ,  -0.11752672023291187       ,  -0.11091319852805935     
   6.4999998000000003       ,  -0.12832185749187339       ,  -0.12201266909508503     
   6.5199997999999999       ,  -0.13268071045367918       ,  -0.12679352034902347     
   6.5399998000000004       ,  -0.13067864780645239       ,  -0.12531168897290262     
   6.5599997999999999       ,  -0.12256718618101586       ,  -0.11780077554230504     
   6.5799998000000004       ,  -0.10876485006274195       ,  -0.10466393145638160     
   6.5999998000000000       ,   -8.9844003175742523E-002  ,   -8.6461560532267570E-002
   6.6199998000000004       ,   -6.6514023468427705E-002  ,   -6.3895172813341616E-002
   6.6399998000000000       ,   -3.9601278337868306E-002  ,   -3.7787819723746452E-002
   6.6599997999999996       ,   -1.0026429137441190E-002  ,   -9.0616200935192091E-003
   6.6799998000000000       ,    2.1220347307425558E-002  ,    2.1287046102894207E-002
   6.6999997999999996       ,    5.3105588768668062E-002  ,    5.2214046756547894E-002
   6.7199998000000001       ,    8.4579570070020801E-002  ,    8.2655042950121244E-002
   6.7399997999999997       ,   0.11460344731255928       ,   0.11155338385724498     
   6.7599998000000001       ,   0.14217585830798760       ,   0.13788766111302589     
   6.7799997999999997       ,   0.16635833485119955       ,   0.16069824609552930     
   6.7999998000000001       ,   0.18629891909171914       ,   0.17911216353508486     
   6.8199997999999997       ,   0.20125342724340312       ,   0.19236570041443529     
   6.8399998000000002       ,   0.21060386778334050       ,   0.19982420899653913     
   6.8599997999999998       ,   0.21387359641394837       ,   0.20099863543397317     
   6.8799998000000002       ,   0.21073887442272662       ,   0.19555838889035157     
   6.8999997999999998       ,   0.20103658849527026       ,   0.18334025830399220     
   6.9199998000000003       ,   0.18476798619605697       ,   0.16435318251504821     
   6.9399997999999998       ,   0.16209837981786682       ,   0.13877878198971005     
   6.9599998000000003       ,   0.13335286967744495       ,   0.10696766426398112     
   6.9799997999999999       ,    9.9008233798969267E-002  ,    6.9431617938633006E-002
   6.9999998000000003       ,    5.9681221967168643E-002  ,    2.6831909081209946E-002
   7.0199997999999999       ,    1.6113576186710964E-002  ,   -2.0036013160852260E-002
   7.0399998000000004       ,   -3.0845825308577116E-002  ,   -7.0261010280444319E-002
   7.0599997999999999       ,   -8.0261238909641069E-002  ,  -0.12283748164905259     
   7.0799998000000004       ,  -0.13113222741340266       ,  -0.17668879711374205     
   7.0999998000000000       ,  -0.18241717965443519       ,  -0.23069235787583195     
   7.1199998000000004       ,  -0.23305759975122944       ,  -0.28370567415048675     
   7.1399998000000000       ,  -0.28200257697206077       ,  -0.33459282887565051     
   7.1599997999999996       ,  -0.32823285092479010       ,  -0.38225069302009007     
   7.1799998000000000       ,  -0.37078390463331934       ,  -0.42563426976623647     
   7.1999997999999996       ,  -0.40876754943757049       ,  -0.46378057156815650     
   7.2199998000000001       ,  -0.44139150957601964       ,  -0.49583047499625327     
   7.2399997999999997       ,  -0.46797656951701389       ,  -0.52104805222597006     
   7.2599998000000001       ,  -0.48797091207496640       ,  -0.53883694354637768     
   7.2799997999999997       ,  -0.50096134833865136       ,  -0.54875341062510086     
   7.2999998000000001       ,  -0.50668121953903333       ,  -0.55051579351450830     
   7.3199997999999997       ,  -0.50501483415851300       ,  -0.54401018339322760     
   7.3399998000000002       ,  -0.49599838872884677       ,  -0.52929221556245465     
   7.3599997999999998       ,  -0.47981740576156390       ,  -0.50658498095248261     
   7.3799998000000002       ,  -0.45680080502025588       ,  -0.47627314703331497     
   7.3999997999999998       ,  -0.42741180288487235       ,  -0.43889346831073345     
   7.4199998000000003       ,  -0.39223590701712313       ,  -0.39512195038229897     
   7.4399997999999998       ,  -0.35196633823764828       ,  -0.34575800784569727     
   7.4599998000000003       ,  -0.30738726701387431       ,  -0.29170602342274876     
   7.4799997999999999       ,  -0.25935529702995419       ,  -0.23395477196646766     
   7.4999998000000003       ,  -0.20877966204285303       ,  -0.17355521732131010     
   7.5199997999999999       ,  -0.15660162399570465       ,  -0.11159722138742459     
   7.5399998000000004       ,  -0.10377356984275399       ,   -4.9185722609546165E-002
   7.5599997999999999       ,   -5.1238301733399633E-002  ,    1.2583054775450795E-002
   7.5799998000000004       ,    9.0999594894366652E-005  ,    7.2644808943354275E-002
   7.5999998000000000       ,    4.9349684560295391E-002  ,   0.12998925711755507     
   7.6199998000000004       ,    9.5739000689006079E-002  ,   0.18368062684314135     
   7.6399998000000000       ,   0.13854154399259330       ,   0.23287609474736259     
   7.6599997999999996       ,   0.17713447922025702       ,   0.27684178235467699     
   7.6799998000000000       ,   0.21100027325350801       ,   0.31496598377162444     
   7.6999997999999996       ,   0.23973475167029570       ,   0.34676937208537534     
   7.7199998000000001       ,   0.26305235747282335       ,   0.37191200824217768     
   7.7399997999999997       ,   0.28078856136691083       ,   0.39019705600788335     
   7.7599998000000001       ,   0.29289944301887400       ,   0.40157118734029629     
   7.7799997999999997       ,   0.29945853066033656       ,   0.40612174210974289     
   7.7999998000000001       ,   0.30065105061188108       ,   0.40407078263849783     
   7.8199997999999997       ,   0.29676579723011870       ,   0.39576625514802494     
   7.8399998000000002       ,   0.28818488609096249       ,   0.38167053521620131     
   7.8599997999999998       ,   0.27537169774135561       ,   0.36234669125915264     
   7.8799998000000002       ,   0.25885735514049674       ,   0.33844284759741028     
   7.8999997999999998       ,   0.23922610426908184       ,   0.31067506583456844     
   7.9199998000000003       ,   0.21709998386466048       ,   0.27980918933798810     
   7.9399997999999998       ,   0.19312317665736783       ,   0.24664211012800322     
   7.9599998000000003       ,   0.16794643090759273       ,   0.21198292031640342     
   7.9799997999999999       ,   0.14221192781369862       ,   0.17663440154671151     
   7.9999998000000003       ,   0.11653894803128903       ,   0.14137528612680281     
   8.0199998000000008       ,    9.1510659914057643E-002  ,   0.10694369343066101     
   8.0399998000000004       ,    6.7662314133314277E-002  ,    7.4022105651823419E-002
   8.0599997999999999       ,    4.5471085209065044E-002  ,    4.3224199308774094E-002
   8.0799997999999995       ,    2.5347751472702938E-002  ,    1.5083794410673491E-002
   8.0999998000000009       ,    7.6303524601966091E-003  ,   -9.9538765831910878E-003
   8.1199998000000004       ,   -7.4200918554644347E-003  ,   -3.1538441302461265E-002
   8.1399998000000000       ,   -1.9621770782810615E-002  ,   -4.9418128177192273E-002
   8.1599997999999996       ,   -2.8872206736894369E-002  ,   -6.3440967621273436E-002
   8.1799997999999992       ,   -3.5146390470334903E-002  ,   -7.3553510172071804E-002
   8.1999998000000005       ,   -3.8493053635131357E-002  ,   -7.9797179199617360E-002
   8.2199998000000001       ,   -3.9029248530621168E-002  ,   -8.2302432368157111E-002
   8.2399997999999997       ,   -3.6933443103602429E-002  ,   -8.1280956686729383E-002
   8.2599997999999992       ,   -3.2437370905683709E-002  ,   -7.7016165547847418E-002
   8.2799998000000006       ,   -2.5816900121393163E-002  ,   -6.9852301656538301E-002
   8.2999998000000001       ,   -1.7382202505200089E-002  ,   -6.0182476457149796E-002
   8.3199997999999997       ,   -7.4675118666252382E-003  ,   -4.8435994078239869E-002
   8.3399997999999993       ,    3.5792374046968948E-003  ,   -3.5065315695083775E-002
   8.3599998000000006       ,    1.5406608191300616E-002  ,   -2.0533018568007672E-002
   8.3799998000000002       ,    2.7669425577533616E-002  ,   -5.2990931156953122E-003
   8.3999997999999998       ,    4.0037860637608030E-002  ,    1.0191098273379069E-002
   8.4199997999999994       ,    5.2205611999233993E-002  ,    2.5517904679616066E-002
   8.4399998000000007       ,    6.3896996403867007E-002  ,    4.0297251137284364E-002
   8.4599998000000003       ,    7.4872795950939680E-002  ,    5.4189063798068642E-002
   8.4799997999999999       ,    8.4934749249118591E-002  ,    6.6904081043417746E-002
   8.4999997999999994       ,    9.3928615152058970E-002  ,    7.8208924927174239E-002
   8.5199998000000008       ,   0.10174577995435320       ,    8.7929358520492301E-002
   8.5399998000000004       ,   0.10832342069694650       ,    9.5951706579571361E-002
   8.5599997999999999       ,   0.11364327745094183       ,   0.10222246805354274     
   8.5799997999999995       ,   0.11772912505281703       ,   0.10674619793378581     
   8.5999998000000009       ,   0.12064306878680654       ,   0.10958178154036198     
   8.6199998000000004       ,   0.12248081810511166       ,   0.11083726538635782     
   8.6399998000000000       ,   0.12336611693741778       ,   0.11066344424305173     
   8.6599997999999996       ,   0.12344452791796603       ,   0.10924643310498583     
   8.6799997999999992       ,   0.12287678056927870       ,   0.10679947477158419     
   8.6999998000000005       ,   0.12183189991981579       ,   0.10355424827284337     
   8.7199998000000001       ,   0.12048033216864359       ,    9.9751950135848685E-002
   8.7399997999999997       ,   0.11898727798840175       ,    9.5634419497121828E-002
   8.7599997999999992       ,   0.11750643219009337       ,    9.1435569506178122E-002
   8.7799998000000006       ,   0.11617431122618491       ,    8.7373371734817046E-002
   8.7999998000000001       ,   0.11510532798802395       ,    8.3642617990321910E-002
   8.8199997999999997       ,   0.11438774728539797       ,    8.0408655784750607E-002
   8.8399997999999993       ,   0.11408062610315305       ,    7.7802260639066187E-002
   8.8599998000000006       ,   0.11421181110837222       ,    7.5915771421604994E-002
   8.8799998000000002       ,   0.11477703287435775       ,    7.4800575146291265E-002
   8.8999997999999998       ,   0.11574010285742771       ,    7.4465986255505059E-002
   8.9199997999999994       ,   0.11703418626471894       ,    7.4879523578500098E-002
   8.9399998000000007       ,   0.11856409250800160       ,    7.5968547072832474E-002
   8.9599998000000003       ,   0.12020949581358124       ,    7.7623177266354773E-002
   8.9799997999999999       ,   0.12182897253398939       ,    7.9700384091794405E-002
   8.9999997999999994       ,   0.12326471946422692       ,    8.2029099515157272E-002
   9.0199998000000008       ,   0.12434779956575329       ,    8.4416180847790678E-002
   9.0399998000000004       ,   0.12490374837509928       ,    8.6653029597363984E-002
   9.0599997999999999       ,   0.12475836630872582       ,    8.8522654688358599E-002
   9.0799997999999995       ,   0.12374351921192075       ,    8.9806959224384433E-002
   9.0999998000000009       ,   0.12170277182851667       ,    9.0294026845242417E-002
   9.1199998000000004       ,   0.11849668623522870       ,    8.9785187137434483E-002
   9.1399998000000000       ,   0.11400762939520447       ,    8.8101649291034617E-002
   9.1599997999999996       ,   0.10814395041673357       ,    8.5090508886542973E-002
   9.1799997999999992       ,   0.10084340831669068       ,    8.0629953808279670E-002
   9.1999998000000005       ,    9.2075754447801014E-002  ,    7.4633521136480890E-002
   9.2199998000000001       ,    8.1844399538912135E-002  ,    6.7053286664500861E-002
   9.2399997999999997       ,    7.0187122745360084E-002  ,    5.7881901516029934E-002
   9.2599997999999992       ,    5.7175808404351776E-002  ,    4.7153425221785984E-002
   9.2799998000000006       ,    4.2915224518283668E-002  ,    3.4942940531832965E-002
   9.2999998000000001       ,    2.7540884538562606E-002  ,    2.1364971148354485E-002
   9.3199997999999997       ,    1.1216060019066229E-002  ,    6.5707584368941635E-003
   9.3399997999999993       ,   -5.8719645678704377E-003  ,   -9.2555139740167075E-003
   9.3599998000000006       ,   -2.3516282754677615E-002  ,   -2.5901428881731484E-002
   9.3799998000000002       ,   -4.1495273309450922E-002  ,   -4.3131832512917787E-002
   9.3999997999999998       ,   -5.9577880930447497E-002  ,   -6.0694953187518101E-002
   9.4199997999999994       ,   -7.7529118399410513E-002  ,   -7.8328958353789946E-002
   9.4399998000000007       ,   -9.5115633487516005E-002  ,   -9.5768755539680242E-002
   9.4599998000000003       ,  -0.11211118374349657       ,  -0.11275283733645973     
   9.4799997999999999       ,  -0.12830186661590656       ,  -0.12902997093838003     
   9.4999997999999994       ,  -0.14349096099349123       ,  -0.14436553894162885     
   9.5199998000000008       ,  -0.15750324889295947       ,  -0.15854734982918300     
   9.5399998000000004       ,  -0.17018870227606575       ,  -0.17139075345204610     
   9.5599997999999999       ,  -0.18142543933487279       ,  -0.18274291833621942     
   9.5799997999999995       ,  -0.19112187646086595       ,  -0.19248615314592971     
   9.5999998000000009       ,  -0.19921802586143914       ,  -0.20054018335740106     
   9.6199998000000004       ,  -0.20568591371209155       ,  -0.20686332529871976     
   9.6399998000000000       ,  -0.21052911911501629       ,  -0.21145253228441935     
   9.6599997999999996       ,  -0.21378145925039216       ,  -0.21434232067755971     
   9.6799997999999992       ,  -0.21550487024664569       ,  -0.21560261639851613     
   9.6999998000000005       ,  -0.21578655578652861       ,  -0.21533559373769540     
   9.7199998000000001       ,  -0.21473549568677786       ,  -0.21367160743274263     
   9.7399997999999997       ,  -0.21247842409038328       ,  -0.21076434502185745     
   9.7599997999999992       ,  -0.20915540102709165       ,  -0.20678534875716889     
   9.7799998000000006       ,  -0.20491511156147024       ,  -0.20191807424001548     
   9.7999998000000001       ,  -0.19991003329675769       ,  -0.19635166593505846     
   9.8199997999999997       ,  -0.19429161548718968       ,  -0.19027463748412080     
   9.8399997999999993       ,  -0.18820561139734299       ,  -0.18386864707407116     
   9.8599998000000006       ,  -0.18178769991510005       ,  -0.17730255497021513     
   9.8799998000000002       ,  -0.17515952296779616       ,  -0.17072694181566220     
   9.8999997999999998       ,  -0.16842525230667293       ,  -0.16426925267633805     
   9.9199997999999994       ,  -0.16166878310667432       ,  -0.15802971348095696     
   9.9399998000000007       ,  -0.15495163305447779       ,  -0.15207814399600417     
   9.9599998000000003       ,  -0.14831160471500299       ,  -0.14645176543278232     
   9.9799997999999999       ,  -0.14176224657702455       ,  -0.14115407194850901     
   9.9999997999999994       ,  -0.13529312492029030       ,  -0.13615480449314027     
   10.019999800000001       ,  -0.12887089517674560       ,  -0.13139103353706549     
   10.039999800000000       ,  -0.12244113843471233       ,  -0.12676932508924629     
   10.059999800000000       ,  -0.11593090679665677       ,  -0.12216893298077657     
   10.079999800000000       ,  -0.10925190105309919       ,  -0.11744593052359838     
   10.099999800000001       ,  -0.10230418612967078       ,  -0.11243816719045936     
   10.119999800000000       ,   -9.4980334487769144E-002  ,  -0.10697091166387947     
   10.139999800000000       ,   -8.7169875518427767E-002  ,  -0.10086302214298493     
   10.159999800000000       ,   -7.8763920281293448E-002  ,   -9.3933468744221676E-002
   10.179999799999999       ,   -6.9659825925409979E-002  ,   -8.6008021628916506E-002
   10.199999800000001       ,   -5.9765762902717186E-002  ,   -7.6925912446826450E-002
   10.219999800000000       ,   -4.9005050660452742E-002  ,   -6.6546275967104246E-002
   10.239999800000000       ,   -3.7320133782255523E-002  ,   -5.4754183397011512E-002
   10.259999799999999       ,   -2.4676080346146018E-002  ,   -4.1466088738282621E-002
   10.279999800000001       ,   -1.1063497292232341E-002  ,   -2.6634524332778887E-002
   10.299999800000000       ,    3.4992265302593193E-003  ,   -1.0251901099932960E-002
   10.319999800000000       ,    1.8964420687519575E-002  ,    7.6467076578625769E-003
   10.339999799999999       ,    3.5254427737072040E-002  ,    2.6981893243875999E-002
   10.359999800000001       ,    5.2261721430983558E-002  ,    4.7629414287109983E-002
   10.379999800000000       ,    6.9849855676056005E-002  ,    6.9420908840127207E-002
   10.399999800000000       ,    8.7855228998124077E-002  ,    9.2145817188467941E-002
   10.419999799999999       ,   0.10608962734334562       ,   0.11555448424247261     
   10.439999800000001       ,   0.12434348719083593       ,   0.13936237864218140     
   10.459999800000000       ,   0.14238980170174892       ,   0.16325533554028407     
   10.479999800000000       ,   0.15998857549593942       ,   0.18689570224465785     
   10.499999799999999       ,   0.17689171907289264       ,   0.20992924124232556     
   10.519999800000001       ,   0.19284826225078958       ,   0.23199262424717232     
   10.539999800000000       ,   0.20760975757586517       ,   0.25272133436757938     
   10.559999800000000       ,   0.22093573965460472       ,   0.27175778171357767     
   10.579999800000000       ,   0.23259910489098393       ,   0.28875943106365964     
   10.599999800000001       ,   0.24239127818176154       ,   0.30340673876072088     
   10.619999800000000       ,   0.25012703865189950       ,   0.31541069983585890     
   10.639999800000000       ,   0.25564888532515290       ,   0.32451981535916541     
   10.659999800000000       ,   0.25883083546154911       ,   0.33052630394219906     
   10.679999799999999       ,   0.25958156281594885       ,   0.33327139979241982     
   10.699999800000001       ,   0.25784679987417697       ,   0.33264960225093765     
   10.719999800000000       ,   0.25361094674329732       ,   0.32861176773218392     
   10.739999800000000       ,   0.24689784930527015       ,   0.32116696373924908     
   10.759999799999999       ,   0.23777072995404350       ,   0.31038303539363238     
   10.779999800000001       ,   0.22633127517652160       ,   0.29638586688536939     
   10.799999800000000       ,   0.21271790485943082       ,   0.27935735258395555     
   10.819999800000000       ,   0.19710326797384750       ,   0.25953212441130036     
   10.839999799999999       ,   0.17969102770324297       ,   0.23719311264183468     
   10.859999800000001       ,   0.16071201567779528       ,   0.21266604577654577     
   10.879999800000000       ,   0.14041984935020491       ,   0.18631302081171769     
   10.899999800000000       ,   0.11908611835328420       ,   0.15852529744145280     
   10.919999799999999       ,    9.6995254647024298E-002  ,   0.12971548794304150     
   10.939999800000001       ,    7.4439207201097424E-002  ,   0.10030932825105110     
   10.959999800000000       ,    5.1712044759570489E-002  ,    7.0737224705383364E-002
   10.979999800000000       ,    2.9104609873931989E-002  ,    4.1425774962775656E-002
   10.999999799999999       ,    6.8993439288209026E-003  ,    1.2789460524951710E-002
   11.019999800000001       ,   -1.4634603536767189E-002  ,   -1.4777297673710487E-002
   11.039999800000000       ,   -3.5245877073691562E-002  ,   -4.0907539963820655E-002
   11.059999800000000       ,   -5.4704936612352581E-002  ,   -6.5268459514254779E-002
   11.079999800000000       ,   -7.2807519005140250E-002  ,   -8.7567238640577430E-002
   11.099999800000001       ,   -8.9377476467147665E-002  ,  -0.10755590646587891     
   11.119999800000000       ,  -0.10426894527357625       ,  -0.12503512017526150     
   11.139999800000000       ,  -0.11736781559780229       ,  -0.13985679990420008     
   11.159999800000000       ,  -0.12859249123628685       ,  -0.15192557653277913     
   11.179999799999999       ,  -0.13789394568949828       ,  -0.16119904155014630     
   11.199999800000001       ,  -0.14525509818796903       ,  -0.16768681792400544     
   11.219999800000000       ,  -0.15068954933081743       ,  -0.17144849978755172     
   11.239999800000000       ,  -0.15423973063798543       ,  -0.17259053600112867     
   11.259999799999999       ,  -0.15597453515101761       ,  -0.17126215756883587     
   11.279999800000001       ,  -0.15598650694995320       ,  -0.16765047087083121     
   11.299999800000000       ,  -0.15438867584777813       ,  -0.16197485717360474     
   11.319999800000000       ,  -0.15131112940894739       ,  -0.15448083346443620     
   11.339999799999999       ,  -0.14689741771619119       ,  -0.14543353999220368     
   11.359999800000001       ,  -0.14130088695447771       ,  -0.13511102577044198     
   11.379999800000000       ,  -0.13468103593916439       ,  -0.12379750461636871     
   11.399999800000000       ,  -0.12719998530328577       ,  -0.11177675108974673     
   11.419999799999999       ,  -0.11901914235816670       ,   -9.9325798106083205E-002
   11.439999800000001       ,  -0.11029613589264285       ,   -8.6709086292481169E-002
   11.459999800000000       ,  -0.10118208467124588       ,   -7.4173199700931641E-002
   11.479999800000000       ,   -9.1819251465161428E-002  ,   -6.1942303757712341E-002
   11.499999799999999       ,   -8.2339121468631885E-002  ,   -5.0214379855950231E-002
   11.519999800000001       ,   -7.2860930306266919E-002  ,   -3.9158327404830669E-002
   11.539999800000000       ,   -6.3490652922791047E-002  ,   -2.8911979096656763E-002
   11.559999800000000       ,   -5.4320450864489667E-002  ,   -1.9581049336235820E-002
   11.579999800000000       ,   -4.5428562197837190E-002  ,   -1.1239009902628258E-002
   11.599999800000001       ,   -3.6879605929799303E-002  ,   -3.9278616808047975E-003
   11.619999800000000       ,   -2.8725261628464584E-002  ,    2.3402526154312694E-003
   11.639999800000000       ,   -2.1005275283294472E-002  ,    7.5806717771360723E-003
   11.659999800000000       ,   -1.3748734534676295E-002  ,    1.1833171989796694E-002
   11.679999799999999       ,   -6.9755504312083317E-003  ,    1.5158368215655145E-002
   11.699999800000001       ,   -6.9807897062157571E-004  ,    1.7633687020721441E-002
   11.719999800000000       ,    5.0771860850251172E-003  ,    1.9349046079863732E-002
   11.739999800000000       ,    1.0347917250681831E-002  ,    2.0402380934984810E-002
   11.759999799999999       ,    1.5114319879787591E-002  ,    2.0895160886424020E-002
   11.779999800000001       ,    1.9377622467729734E-002  ,    2.0928033180738336E-002
   11.799999800000000       ,    2.3138745671678184E-002  ,    2.0596728042895175E-002
   11.819999800000000       ,    2.6397197186378465E-002  ,    1.9988346816846213E-002
   11.839999799999999       ,    2.9150230453795146E-002  ,    1.9178141852662298E-002
   11.859999800000001       ,    3.1392294990934697E-002  ,    1.8226880226381706E-002
   11.879999800000000       ,    3.3114795215222793E-002  ,    1.7178864392117105E-002
   11.899999800000000       ,    3.4306163367088853E-002  ,    1.6060661998687036E-002
   11.919999799999999       ,    3.4952240817903907E-002  ,    1.4880574955561247E-002
   11.939999800000001       ,    3.5036951047700077E-002  ,    1.3628855035721648E-002
   11.959999800000000       ,    3.4543237207701742E-002  ,    1.2278650499151071E-002
   11.979999800000000       ,    3.3454227752131631E-002  ,    1.0787646048178849E-002
   11.999999799999999       ,    3.1754585406020504E-002  ,    9.1003375006551389E-003
   12.019999800000001       ,    2.9431987967079909E-002  ,    7.1508634659722004E-003
   12.039999800000000       ,    2.6478684312208890E-002  ,    4.8662995552341140E-003
   12.059999800000000       ,    2.2893065635967949E-002  ,    2.1703067054083028E-003
   12.079999800000000       ,    1.8681190480005605E-002  ,   -1.0129855766556816E-003
   12.099999800000001       ,    1.3858202554833861E-002  ,   -4.7549875550263994E-003
   12.119999800000000       ,    8.4495826896611552E-003  ,   -9.1186793527882667E-003
   12.139999800000000       ,    2.4921803990649131E-003  ,   -1.4154792866583625E-002
   12.159999800000000       ,   -3.9650235971378581E-003  ,   -1.9898271776606847E-002
   12.179999799999999       ,   -1.0860465194342623E-002  ,   -2.6365128500232191E-002
   12.199999800000001       ,   -1.8119887678796583E-002  ,   -3.3549806119919069E-002
   12.219999800000000       ,   -2.5656598336149812E-002  ,   -4.1423139407437588E-002
   12.239999800000000       ,   -3.3372103253679043E-002  ,   -4.9930992455286677E-002
   12.259999799999999       ,   -4.1157121679430642E-002  ,   -5.8993631572771189E-002
   12.279999800000001       ,   -4.8892970135143786E-002  ,   -6.8505871528203713E-002
   12.299999800000000       ,   -5.6453295459527160E-002  ,   -7.8338011484472322E-002
   12.319999800000000       ,   -6.3706125394294627E-002  ,   -8.8337554676805818E-002
   12.339999799999999       ,   -7.0516195513447788E-002  ,   -9.8331683626356858E-002
   12.359999800000001       ,   -7.6747502511280860E-002  ,  -0.10813044107592031     
   12.379999800000000       ,   -8.2266026351926688E-002  ,  -0.11753054646029269     
   12.399999800000000       ,   -8.6942557753026201E-002  ,  -0.12631975913469642     
   12.419999799999999       ,   -9.0655563097254588E-002  ,  -0.13428168328251586     
   12.439999800000001       ,   -9.3294016261902854E-002  ,  -0.14120089584851844     
   12.459999800000000       ,   -9.4760126103878906E-002  ,  -0.14686826836230005     
   12.479999800000000       ,   -9.4971889461056141E-002  ,  -0.15108634641284810     
   12.499999799999999       ,   -9.3865402506123991E-002  ,  -0.15367464700257819     
   12.519999800000001       ,   -9.1396868042059640E-002  ,  -0.15447473414728652     
   12.539999800000000       ,   -8.7544242738283248E-002  ,  -0.15335493689940022     
   12.559999800000000       ,   -8.2308476209286746E-002  ,  -0.15021458136170401     
   12.579999800000000       ,   -7.5714303030339755E-002  ,  -0.14498761903960411     
   12.599999800000001       ,   -6.7810559032032203E-002  ,  -0.13764554777620924     
   12.619999800000000       ,   -5.8670004254710438E-002  ,  -0.12819953816955801     
   12.639999800000000       ,   -4.8388646493763975E-002  ,  -0.11670169735788632     
   12.659999800000000       ,   -3.7084571133794125E-002  ,  -0.10324542289022429     
   12.679999799999999       ,   -2.4896294656513857E-002  ,   -8.7964821542444560E-002
   12.699999800000001       ,   -1.1980670520011992E-002  ,   -7.1033190827629544E-002
   12.719999800000000       ,    1.4896132366627088E-003  ,   -5.2660584000864159E-002
   12.739999800000000       ,    1.5328895573756681E-002  ,   -3.3090501986519687E-002
   12.759999799999999       ,    2.9341705549385901E-002  ,   -1.2595777287737172E-002
   12.779999800000001       ,    4.3326162060400790E-002  ,    8.5262649728645289E-003
   12.799999800000000       ,    5.7077539678848148E-002  ,    2.9959265689682952E-002
   12.819999800000000       ,    7.0391926037497360E-002  ,    5.1373791351446159E-002
   12.839999799999999       ,    8.3069893977747999E-002  ,    7.2433663161386344E-002
   12.859999800000001       ,    9.4920111237145846E-002  ,    9.2802514835401542E-002
   12.879999800000000       ,   0.10576281182074536       ,   0.11215043217005784     
   12.899999800000000       ,   0.11543305632517162       ,   0.13016052499481248     
   12.919999799999999       ,   0.12378371327796274       ,   0.14653528326265561     
   12.939999800000001       ,   0.13068809988923594       ,   0.16100257375147634     
   12.959999800000000       ,   0.13604222832296228       ,   0.17332114201609616     
   12.979999800000000       ,   0.13976661248484945       ,   0.18328549563438137     
   12.999999799999999       ,   0.14180760017021887       ,   0.19073005913685187     
   13.019999800000001       ,   0.14213820597537755       ,   0.19553250793340038     
   13.039999800000000       ,   0.14075843139282265       ,   0.19761620762709400     
   13.059999800000000       ,   0.13769506971987594       ,   0.19695170585731414     
   13.079999800000000       ,   0.13300100454706418       ,   0.19355724572857588     
   13.099999800000001       ,   0.12675402139758379       ,   0.18749829241838528     
   13.119999800000000       ,   0.11905516231557280       ,   0.17888608716764484     
   13.139999800000000       ,   0.11002666261963906       ,   0.16787526499343552     
   13.159999800000000       ,    9.9809517443534168E-002  ,   0.15466059359604117     
   13.179999799999999       ,    8.8560732899992681E-002  ,   0.13947291055880850     
   13.199999800000001       ,    7.6450322580506630E-002  ,   0.12257435360163574     
   13.219999800000000       ,    6.3658114531347273E-002  ,   0.10425299393984046     
   13.239999800000000       ,    5.0370436749309647E-002  ,    8.4816995375344956E-002
   13.259999799999999       ,    3.6776750581907415E-002  ,    6.4588431332071636E-002
   13.279999800000001       ,    2.3066301195883775E-002  ,    4.3896898443411755E-002
   13.299999800000000       ,    9.4248525318824331E-003  ,    2.3073068388150132E-002
   13.319999800000000       ,   -3.9684290364605020E-003  ,    2.4423194153688852E-003
   13.339999799999999       ,   -1.6943882669616064E-002  ,   -1.7681414556152252E-002
   13.359999800000001       ,   -2.9343998750926734E-002  ,   -3.7001446108302007E-002
   13.379999800000000       ,   -4.1025755214839504E-002  ,   -5.5243666312221870E-002
   13.399999800000000       ,   -5.1862605132931797E-002  ,   -7.2161297492770865E-002
   13.419999799999999       ,   -6.1746084559529797E-002  ,   -8.7538972508974688E-002
   13.439999800000001       ,   -7.0587018499201251E-002  ,  -0.10119606306202959     
   13.459999800000000       ,   -7.8316311984099982E-002  ,  -0.11298919787555192     
   13.479999800000000       ,   -8.4885322428029222E-002  ,  -0.12281393102898411     
   13.499999799999999       ,   -9.0265818448508617E-002  ,  -0.13060554078568423     
   13.519999800000001       ,   -9.4449539020006468E-002  ,  -0.13633895945598462     
   13.539999800000000       ,   -9.7447374956223659E-002  ,  -0.14002785469011172     
   13.559999800000000       ,   -9.9288202150206062E-002  ,  -0.14172290164018253     
   13.579999800000000       ,  -0.10001740258219466       ,  -0.14150930322532634     
   13.599999800000001       ,   -9.9695114714572125E-002  ,  -0.13950363187763440     
   13.619999800000000       ,   -9.8394259434628206E-002  ,  -0.13585008028379830     
   13.639999800000000       ,   -9.6198391110269371E-002  ,  -0.13071622046722700     
   13.659999800000000       ,   -9.3199425549924747E-002  ,  -0.12428837983803925     
   13.679999799999999       ,   -8.9495297692516976E-002  ,  -0.11676674939916849     
   13.699999800000001       ,   -8.5187601710300098E-002  ,  -0.10836034303001052     
   13.719999800000000       ,   -8.0379264926384295E-002  ,   -9.9281927638602468E-002
   13.739999800000000       ,   -7.5172304593606701E-002  ,   -8.9743042012791763E-002
   13.759999799999999       ,   -6.9665713237572396E-002  ,   -7.9949217511076046E-002
   13.779999800000001       ,   -6.3953514038461459E-002  ,   -7.0095506479117831E-002
   13.799999800000000       ,   -5.8123022733813097E-002  ,   -6.0362414681210008E-002
   13.819999800000000       ,   -5.2253346900584079E-002  ,   -5.0912322371555727E-002
   13.839999799999999       ,   -4.6414147361044412E-002  ,   -4.1886465216791922E-002
   13.859999800000001       ,   -4.0664680000631066E-002  ,   -3.3402531472553079E-002
   13.879999800000000       ,   -3.5053129635998742E-002  ,   -2.5552915993210627E-002
   13.899999800000000       ,   -2.9616240875858024E-002  ,   -1.8403655211551066E-002
   13.919999799999999       ,   -2.4379244319144334E-002  ,   -1.1994050566983282E-002
   13.939999800000001       ,   -1.9356070070272516E-002  ,   -6.3369713861538340E-003
   13.959999800000000       ,   -1.4549834545443096E-002  ,   -1.4198123150401282E-003
   13.979999800000000       ,   -9.9535810105095216E-003  ,    2.7939345691222910E-003
   13.999999799999999       ,   -5.5512493289783344E-003  ,    6.3625465403149952E-003
   14.019999800000001       ,   -1.3188460917697327E-003  ,    9.3634416131409149E-003
   14.039999800000000       ,    2.7742172845937260E-003  ,    1.1890130573263567E-002
   14.059999800000000       ,    6.7636537181363808E-003  ,    1.4048833984546942E-002
   14.079999800000000       ,    1.0688734116325382E-002  ,    1.5954854639368861E-002
   14.099999800000001       ,    1.4590663953052488E-002  ,    1.7728799783001278E-002
   14.119999800000000       ,    1.8510941569058380E-002  ,    1.9492749001246874E-002
   14.139999800000000       ,    2.2489736571866703E-002  ,    2.1366462928536788E-002
   14.159999800000000       ,    2.6564325519070987E-002  ,    2.3463724980998923E-002
   14.179999799999999       ,    3.0767620155448348E-002  ,    2.5888903265916807E-002
   14.199999800000001       ,    3.5126820897417373E-002  ,    2.8733812832392999E-002
   14.219999800000000       ,    3.9662225085621804E-002  ,    3.2074949716145440E-002
   14.239999800000000       ,    4.4386215834116463E-002  ,    3.5971158037813263E-002
   14.259999799999999       ,    4.9302453175673083E-002  ,    4.0461780011110157E-002
   14.279999800000001       ,    5.4405284724822089E-002  ,    4.5565326398268290E-002
   14.299999800000000       ,    5.9679388344306195E-002  ,    5.1278692022917967E-002
   14.319999800000000       ,    6.5099654399024751E-002  ,    5.7576927728574007E-002
   14.339999799999999       ,    7.0631310206414694E-002  ,    6.4413566966578198E-002
   14.359999800000001       ,    7.6230284334335735E-002  ,    7.1721492314471461E-002
   14.379999800000000       ,    8.1843803544452962E-002  ,    7.9414314952481399E-002
   14.399999800000000       ,    8.7411210514631257E-002  ,    8.7388228728571452E-002
   14.419999799999999       ,    9.2864986076231337E-002  ,    9.5524290160266451E-002
   14.439999800000001       ,    9.8131955643963598E-002  ,   0.10369106676116249     
   14.459999800000000       ,   0.10313465586246434       ,   0.11174758861249162     
   14.479999800000000       ,   0.10779283430308903       ,   0.11954653225743717     
   14.499999799999999       ,   0.11202505236641053       ,   0.12693756186940694     
   14.519999800000001       ,   0.11575035942211478       ,   0.13377075028506341     
   14.539999800000000       ,   0.11889000468088924       ,   0.13990000190707194     
   14.559999800000000       ,   0.12136915236624418       ,   0.14518640063858299     
   14.579999800000000       ,   0.12311856545216225       ,   0.14950140884154217     
   14.599999800000001       ,   0.12407622356022933       ,   0.15272984770890954     
   14.619999800000000       ,   0.12418884156299967       ,   0.15477259526979539     
   14.639999800000000       ,   0.12341325700526745       ,   0.15554894534196900     
   14.659999800000000       ,   0.12171765660875986       ,   0.15499857892071692     
   14.679999799999999       ,   0.11908261483671137       ,   0.15308310854133728     
   14.699999800000001       ,   0.11550192072221011       ,   0.14978716585658450     
   14.719999800000000       ,   0.11098317285906453       ,   0.14511901280470998     
   14.739999800000000       ,   0.10554812655923872       ,   0.13911066708072306     
   14.759999799999999       ,    9.9232781632145856E-002  ,   0.13181754293849327     
   14.779999800000001       ,    9.2087203967086029E-002  ,   0.12331761842729670     
   14.799999800000000       ,    8.4175079023568966E-002  ,   0.11371014979862464     
   14.819999800000000       ,    7.5573000372918336E-002  ,   0.10311396281877024     
   14.839999799999999       ,    6.6369501502024364E-002  ,    9.1665358920813261E-002
   14.859999800000001       ,    5.6663844097170554E-002  ,    7.9515681379255590E-002
   14.879999800000000       ,    4.6564580881769825E-002  ,    6.6828592869701234E-002
   14.899999800000000       ,    3.6187915695639297E-002  ,    5.3777120788496578E-002
   14.919999799999999       ,    2.5655887785731094E-002  ,    4.0540530484476103E-002
   14.939999800000001       ,    1.5094411142366348E-002  ,    2.7301089055262833E-002
   14.959999800000000       ,    4.6312030793125500E-003  ,    1.4240783569831232E-002
   14.979999800000000       ,   -5.6063609549939566E-003  ,    1.5380575090651698E-003
   14.999999799999999       ,   -1.5493427201540396E-002  ,   -1.0635372096180607E-002
   15.019999800000001       ,   -2.4909837470689693E-002  ,   -2.2117556844688312E-002
   15.039999800000000       ,   -3.3742255799379998E-002  ,   -3.2759162073532022E-002
   15.059999800000000       ,   -4.1886206688226429E-002  ,   -4.2426063105824106E-002
   15.079999800000000       ,   -4.9247984602589293E-002  ,   -5.1001646333825944E-002
   15.099999800000001       ,   -5.5746396108048671E-002  ,   -5.8388775080119235E-002
   15.119999800000000       ,   -6.1314298491003824E-002  ,   -6.4511387048783522E-002
   15.139999800000000       ,   -6.5899901962099730E-002  ,   -6.9315697526790607E-002
   15.159999800000000       ,   -6.9467806510252597E-002  ,   -7.2770990175310857E-002
   15.179999799999999       ,   -7.1999749108437580E-002  ,   -7.4869985112891613E-002
   15.199999800000001       ,   -7.3495042193639698E-002  ,   -7.5628781890648908E-002
   15.219999800000000       ,   -7.3970690062492087E-002  ,   -7.5086382751392455E-002
   15.239999800000000       ,   -7.3461175937703280E-002  ,   -7.3303809114139099E-002
   15.259999799999999       ,   -7.2017918853416310E-002  ,   -7.0362831405621371E-002
   15.279999800000001       ,   -6.9708406055625130E-002  ,   -6.6364339054400048E-002
   15.299999800000000       ,   -6.6615013184902969E-002  ,   -6.1426383566135147E-002
   15.319999800000000       ,   -6.2833530966590639E-002  ,   -5.5681933018603753E-002
   15.339999799999999       ,   -5.8471423340321925E-002  ,   -4.9276380974306082E-002
   15.359999800000001       ,   -5.3645847779386913E-002  ,   -4.2364856643648245E-002
   15.379999800000000       ,   -4.8481473848807695E-002  ,   -3.5109386094493378E-002
   15.399999800000000       ,   -4.3108140704171703E-002  ,   -2.7675956361130596E-002
   15.419999799999999       ,   -3.7658398127160826E-002  ,   -2.0231535439466750E-002
   15.439999800000001       ,   -3.2264978727709677E-002  ,   -1.2941101362180850E-002
   15.459999800000000       ,   -2.7058251032407714E-002  ,   -5.9647328390231178E-003
   15.479999800000000       ,   -2.2163704258698697E-002  ,    5.4518765165869764E-004
   15.499999799999999       ,   -1.7699515599660754E-002  ,    6.4466098854502217E-003
   15.519999800000001       ,   -1.3774249792384643E-002  ,    1.1610245846973368E-002
   15.539999800000000       ,   -1.0484738615442302E-002  ,    1.5921752429212097E-002
   15.559999800000000       ,   -7.9141847830663907E-003  ,    1.9283630349558267E-002
   15.579999800000000       ,   -6.1305305252537055E-003  ,    2.1616808002043811E-002
   15.599999800000001       ,   -5.1851260374695587E-003  ,    2.2861884708702696E-002
   15.619999800000000       ,   -5.1117270472864091E-003  ,    2.2980013976372213E-002
   15.639999800000000       ,   -5.9258440950913545E-003  ,    2.1953413806349176E-002
   15.659999800000000       ,   -7.6244588979610898E-003  ,    1.9785497736673836E-002
   15.679999799999999       ,   -1.0186115511579458E-002  ,    1.6500627011093397E-002
   15.699999800000001       ,   -1.3571386089316871E-002  ,    1.2143490954162447E-002
   15.719999800000000       ,   -1.7723703033837215E-002  ,    6.7781291777347132E-003
   15.739999800000000       ,   -2.2570541423784281E-002  ,    4.8661554113116134E-004
   15.759999799999999       ,   -2.8024927956021288E-002  ,   -6.6325702704726477E-003
   15.779999800000001       ,   -3.3987245449301026E-002  ,   -1.4466452198775499E-002
   15.799999800000000       ,   -4.0347295377249418E-002  ,   -2.2889712010533737E-002
   15.819999800000000       ,   -4.6986575094698495E-002  ,   -3.1767047658940652E-002
   15.839999799999999       ,   -5.3780721533467690E-002  ,   -4.0955691645535502E-002
   15.859999800000001       ,   -6.0602069294234000E-002  ,   -5.0308042422928217E-002
   15.879999800000000       ,   -6.7322268349916684E-002  ,   -5.9674359919763928E-002
   15.899999800000000       ,   -7.3814905077575113E-002  ,   -6.8905475190298424E-002
   15.919999799999999       ,   -7.9958070096928555E-002  ,   -7.7855464018718748E-002
   15.939999800000001       ,   -8.5636817432081652E-002  ,   -8.6384235054741049E-002
   15.959999800000000       ,   -9.0745461816407427E-002  ,   -9.4359984717685849E-002
   15.979999800000000       ,   -9.5189664486455813E-002  ,  -0.10166147366052089     
   15.999999799999999       ,   -9.8888262487079978E-002  ,  -0.10818008299588552     
   16.019999800000001       ,  -0.10177480223665097       ,  -0.11382161269922866     
   16.039999800000000       ,  -0.10379874475184359       ,  -0.11850778955010779     
   16.059999800000000       ,  -0.10492631735651700       ,  -0.12217745756662357     
   16.079999800000000       ,  -0.10514099472903826       ,  -0.12478743003096077     
   16.099999799999999       ,  -0.10444360059143309       ,  -0.12631298878467009     
   16.119999799999999       ,  -0.10285203001473806       ,  -0.12674802336839236     
   16.139999799999998       ,  -0.10040060100367235       ,  -0.12610480966128113     
   16.159999800000001       ,   -9.7139052524079339E-002  ,  -0.12441343480315119     
   16.179999800000001       ,   -9.3131214245371352E-002  ,  -0.12172088221634583     
   16.199999800000001       ,   -8.8453380792501882E-002  ,  -0.11808979734240617     
   16.219999800000000       ,   -8.3192430055712807E-002  ,  -0.11359696113078999     
   16.239999800000000       ,   -7.7443730927084897E-002  ,  -0.10833150422780394     
   16.259999799999999       ,   -7.1308890578128711E-002  ,  -0.10239290008627107     
   16.279999799999999       ,   -6.4893394945187130E-002  ,   -9.5888779733600882E-002
   16.299999799999998       ,   -5.8304198360732286E-002  ,   -8.8932614594833856E-002
   16.319999800000001       ,   -5.1647319201238551E-002  ,   -8.1641316480996221E-002
   16.339999800000001       ,   -4.5025497991179733E-002  ,   -7.4132805553225337E-002
   16.359999800000001       ,   -3.8535972616392217E-002  ,   -6.6523597711573554E-002
   16.379999800000000       ,   -3.2268422200448912E-002  ,   -5.8926462408125879E-002
   16.399999800000000       ,   -2.6303126859130190E-002  ,   -5.1448200343969144E-002
   16.419999799999999       ,   -2.0709385075912884E-002  ,   -4.4187587899482232E-002
   16.439999799999999       ,   -1.5544223969123645E-002  ,   -3.7233531511790707E-002
   16.459999799999999       ,   -1.0851430407701645E-002  ,   -3.0663470619964620E-002
   16.479999800000002       ,   -6.6609229572970807E-003  ,   -2.4542062337800243E-002
   16.499999800000001       ,   -2.9884761983402499E-003  ,   -1.8920174796822221E-002
   16.519999800000001       ,    1.6419973875519793E-004  ,   -1.3834209258067271E-002
   16.539999800000000       ,    2.8090303136272541E-003  ,   -9.3057637661398650E-003
   16.559999800000000       ,    4.9708128459883807E-003  ,   -5.3416434716706531E-003
   16.579999800000000       ,    6.6861405451823343E-003  ,   -1.9342149473163979E-003
   16.599999799999999       ,    8.0020445135724518E-003  ,    9.3790595777870720E-004
   16.619999799999999       ,    8.9743907448380997E-003  ,    3.3088507630644895E-003
   16.639999799999998       ,    9.6660749987311136E-003  ,    5.2242047504120846E-003
   16.659999800000001       ,    1.0145063203534466E-002  ,    6.7394550271250133E-003
   16.679999800000001       ,    1.0482328599365978E-002  ,    7.9182181518470691E-003
   16.699999800000001       ,    1.0749739103116173E-002  ,    8.8302903485402515E-003
   16.719999800000000       ,    1.1017949295524137E-002  ,    9.5495674972539205E-003
   16.739999800000000       ,    1.1354350983013546E-002  ,    1.0151885181034895E-002
   16.759999799999999       ,    1.1821134486494286E-002  ,    1.0712831004824945E-002
   16.779999799999999       ,    1.2473509705625154E-002  ,    1.1305582129587379E-002
   16.799999799999998       ,    1.3358131682190574E-002  ,    1.1998820456034542E-002
   16.819999800000001       ,    1.4511769953354178E-002  ,    1.2854776148983154E-002
   16.839999800000001       ,    1.5960254585510550E-002  ,    1.3927447246588133E-002
   16.859999800000001       ,    1.7717724577477043E-002  ,    1.5261039008502935E-002
   16.879999800000000       ,    1.9786196503051003E-002  ,    1.6888661511217012E-002
   16.899999800000000       ,    2.2155463027875157E-002  ,    1.8831317911424457E-002
   16.919999799999999       ,    2.4803322494565797E-002  ,    2.1097208906903857E-002
   16.939999799999999       ,    2.7696132338152372E-002  ,    2.3681371387325331E-002
   16.959999799999999       ,    3.0789670885148213E-002  ,    2.6565661259953018E-002
   16.979999800000002       ,    3.4030284311609378E-002  ,    2.9719082145649781E-002
   16.999999800000001       ,    3.7356288384176393E-002  ,    3.3098453265708004E-002
   17.019999800000001       ,    4.0699588262348582E-002  ,    3.6649401580446696E-002
   17.039999800000000       ,    4.3987474257669960E-002  ,    4.0307655295739889E-002
   17.059999800000000       ,    4.7144547158484054E-002  ,    4.4000608417343767E-002
   17.079999800000000       ,    5.0094723640860879E-002  ,    4.7649119287854112E-002
   17.099999799999999       ,    5.2763270469566054E-002  ,    5.1169500154901335E-002
   17.119999799999999       ,    5.5078815686810077E-002  ,    5.4475649939652475E-002
   17.139999799999998       ,    5.6975285796284414E-002  ,    5.7481278626317266E-002
   17.159999800000001       ,    5.8393720047306245E-002  ,    6.0102169173927411E-002
   17.179999800000001       ,    5.9283916247184855E-002  ,    6.2258421629607520E-002
   17.199999800000001       ,    5.9605866986671620E-002  ,    6.3876624235075855E-002
   17.219999800000000       ,    5.9330950632213303E-002  ,    6.4891897769908530E-002
   17.239999800000000       ,    5.8442847773179318E-002  ,    6.5249762138170048E-002
   17.259999799999999       ,    5.6938160844403410E-002  ,    6.4907778218903547E-002
   17.279999799999999       ,    5.4826722189425511E-002  ,    6.3836923174239890E-002
   17.299999799999998       ,    5.2131583691221450E-002  ,    6.2022663621016931E-002
   17.319999800000001       ,    4.8888689071497814E-002  ,    5.9465698176081321E-002
   17.339999800000001       ,    4.5146237842188096E-002  ,    5.6182348712442570E-002
   17.359999800000001       ,    4.0963757482869290E-002  ,    5.2204588025014695E-002
   17.379999800000000       ,    3.6410907524024795E-002  ,    4.7579700298691234E-002
   17.399999800000000       ,    3.1566045661124510E-002  ,    4.2369579586562636E-002
   17.419999799999999       ,    2.6514591649775623E-002  ,    3.6649680227062512E-002
   17.439999799999999       ,    2.1347229401981260E-002  ,    3.0507641541903715E-002
   17.459999799999999       ,    1.6157991307977116E-002  ,    2.4041617054896970E-002
   17.479999800000002       ,    1.1042271266243830E-002  ,    1.7358345660134611E-002
   17.499999800000001       ,    6.0948141657999775E-003  ,    1.0571008468535712E-002
   17.519999800000001       ,    1.4077296109440618E-003  ,    3.7969203177085353E-003
   17.539999800000000       ,   -2.9314234774862821E-003  ,   -2.8448909895777692E-003
   17.559999800000000       ,   -6.8414370642867796E-003  ,   -9.2361618508401046E-003
   17.579999800000000       ,   -1.0249098083247619E-002  ,   -1.5261869112501896E-002
   17.599999799999999       ,   -1.3090639859603036E-002  ,   -2.0812648014239252E-002
   17.619999799999999       ,   -1.5312969565937067E-002  ,   -2.5787095764641665E-002
   17.639999799999998       ,   -1.6874646351977336E-002  ,   -3.0093907365220936E-002
   17.659999800000001       ,   -1.7746591280732988E-002  ,   -3.3653794274523779E-002
   17.679999800000001       ,   -1.7912517065838796E-002  ,   -3.6401141674702514E-002
   17.699999800000001       ,   -1.7369072654607465E-002  ,   -3.8285366342175893E-002
   17.719999800000000       ,   -1.6125704752817986E-002  ,   -3.9271944278009438E-002
   17.739999800000000       ,   -1.4204245257827097E-002  ,   -3.9343085145701576E-002
   17.759999799999999       ,   -1.1638240080871231E-002  ,   -3.8498038998963452E-002
   17.779999799999999       ,   -8.4720408341435200E-003  ,   -3.6753029551268773E-002
   17.799999799999998       ,   -4.7596861864642659E-003  ,   -3.4140817125547479E-002
   17.819999800000001       ,   -5.6360422613278361E-004  ,   -3.0709903206834897E-002
   17.839999800000001       ,    4.0468291928146922E-003  ,   -2.6523396986178342E-002
   17.859999800000001       ,    8.9968384823188412E-003  ,   -2.1657572222131310E-002
   17.879999800000000       ,    1.4207863454873425E-002  ,   -1.6200149961852529E-002
   17.899999800000000       ,    1.9599201697514345E-002  ,   -1.0248348980648881E-002
   17.919999799999999       ,    2.5089638775338201E-002  ,   -3.9067510633358947E-003
   17.939999799999999       ,    3.0599028315838214E-002  ,    2.7149676637114682E-003
   17.959999799999999       ,    3.6049786433250103E-002  ,    9.5043853311600392E-003
   17.979999800000002       ,    4.1368268221419292E-002  ,    1.6348707367580179E-002
   17.999999800000001       ,    4.6485998067141883E-002  ,    2.3137108394827841E-002
   18.019999800000001       ,    5.1340730187958469E-002  ,    2.9762988656996989E-002
   18.039999800000000       ,    5.5877320938454628E-002  ,    3.6126093256040569E-002
   18.059999800000000       ,    6.0048399906379071E-002  ,    4.2134446316471820E-002
   18.079999800000000       ,    6.3814832477037967E-002  ,    4.7706057202374266E-002
   18.099999799999999       ,    6.7145972222507039E-002  ,    5.2770361930056783E-002
   18.119999799999999       ,    7.0019707014981211E-002  ,    5.7269369801511968E-002
   18.139999799999998       ,    7.2422308021862877E-002  ,    6.1158492848711950E-002
   18.159999800000001       ,    7.4348095575864415E-002  ,    6.4407043731616986E-002
   18.179999800000001       ,    7.5798940203251217E-002  ,    6.6998396067048119E-002
   18.199999800000001       ,    7.6783620732099850E-002  ,    6.8929809568777145E-002
   18.219999800000000       ,    7.7317064305648567E-002  ,    7.0211930638161862E-002
   18.239999800000000       ,    7.7419495231660154E-002  ,    7.0867986951292289E-002
   18.259999799999999       ,    7.7115520869625573E-002  ,    7.0932701944940280E-002
   18.279999799999999       ,    7.6433183180648762E-002  ,    7.0450961727078168E-002
   18.299999799999998       ,    7.5403004151906608E-002  ,    6.9476272665687386E-002
   18.319999800000001       ,    7.4057052094300399E-002  ,    6.8069052603452598E-002
   18.339999800000001       ,    7.2428053856640251E-002  ,    6.6294802194658761E-002
   18.359999800000001       ,    7.0548575380879330E-002  ,    6.4222205183360706E-002
   18.379999800000000       ,    6.8450289837016745E-002  ,    6.1921207490050825E-002
   18.399999800000000       ,    6.6163348934060284E-002  ,    5.9461124732193754E-002
   18.419999799999999       ,    6.3715869027021810E-002  ,    5.6908826290253373E-002
   18.439999799999999       ,    6.1133539458518876E-002  ,    5.4327041296066081E-002
   18.459999799999999       ,    5.8439356319868151E-002  ,    5.1772828046812658E-002
   18.479999800000002       ,    5.5653480622539428E-002  ,    4.9296243446534306E-002
   18.499999800000001       ,    5.2793215863959658E-002  ,    4.6939243285157695E-002
   18.519999800000001       ,    4.9873096270951926E-002  ,    4.4734837641479071E-002
   18.539999800000000       ,    4.6905073717004531E-002  ,    4.2706518618559362E-002
   18.559999800000000       ,    4.3898788528506108E-002  ,    4.0867970177555488E-002
   18.579999800000000       ,    4.0861907195330879E-002  ,    3.9223062227353993E-002
   18.599999799999999       ,    3.7800508438317802E-002  ,    3.7766123553384240E-002
   18.619999799999999       ,    3.4719498195326257E-002  ,    3.6482480828118287E-002
   18.639999799999998       ,    3.1623033881829944E-002  ,    3.5349244028737389E-002
   18.659999800000001       ,    2.8514938753153397E-002  ,    3.4336312272338299E-002
   18.679999800000001       ,    2.5399088313847819E-002  ,    3.3407568526659721E-002
   18.699999800000001       ,    2.2279752435737831E-002  ,    3.2522227004058581E-002
   18.719999800000000       ,    1.9161879092155842E-002  ,    3.1636293412853025E-002
   18.739999800000000       ,    1.6051308308020491E-002  ,    3.0704095709898831E-002
   18.759999799999999       ,    1.2954907966909507E-002  ,    2.9679841628258243E-002
   18.779999799999999       ,    9.8806264003437668E-003  ,    2.8519159069729662E-002
   18.799999799999998       ,    6.8374600976323528E-003  ,    2.7180576447909523E-002
   18.819999800000001       ,    3.8353383006587971E-003  ,    2.5626902206155447E-002
   18.839999800000001       ,    8.8492957115605757E-004  ,    2.3826465949065494E-002
   18.859999800000001       ,   -2.0026214728655223E-003  ,    2.1754187820570266E-002
   18.879999800000000       ,   -4.8160162632663369E-003  ,    1.9392447815826580E-002
   18.899999800000000       ,   -7.5441698605949424E-003  ,    1.6731732485172686E-002
   18.919999799999999       ,   -1.0176608742590562E-002  ,    1.3771042815876723E-002
   18.939999799999999       ,   -1.2703882197066047E-002  ,    1.0518053787032937E-002
   18.959999799999999       ,   -1.5117969966546735E-002  ,    6.9890230016331168E-003
   18.979999800000002       ,   -1.7412668664213378E-002  ,    3.2084527204990329E-003
   18.999999800000001       ,   -1.9583939976856493E-002  ,   -7.9148363057462143E-004
   19.019999800000001       ,   -2.1630204774690239E-002  ,   -4.9717330164573015E-003
   19.039999800000000       ,   -2.3552568924385547E-002  ,   -9.2873490775760709E-003
   19.059999800000000       ,   -2.5354968796195858E-002  ,   -1.3688644618246501E-002
   19.079999800000000       ,   -2.7044227097374907E-002  ,   -1.8122477392231395E-002
   19.099999799999999       ,   -2.8630012666370053E-002  ,   -2.2533632822959324E-002
   19.119999799999999       ,   -3.0124701127674913E-002  ,   -2.6866264850041111E-002
   19.139999799999998       ,   -3.1543136729122408E-002  ,   -3.1065354717371298E-002
   19.159999800000001       ,   -3.2902299149481368E-002  ,   -3.5078147241028597E-002
   19.179999800000001       ,   -3.4220882460360660E-002  ,   -3.8855524917545792E-002
   19.199999800000001       ,   -3.5518796639958800E-002  ,   -4.2353282125646791E-002
   19.219999800000000       ,   -3.6816604959586191E-002  ,   -4.5533264579406374E-002
   19.239999800000000       ,   -3.8134913098311761E-002  ,   -4.8364343023540972E-002
   19.259999799999999       ,   -3.9493727899093105E-002  ,   -5.0823194813273923E-002
   19.279999799999999       ,   -4.0911805188765742E-002  ,   -5.2894872361916305E-002
   19.299999799999998       ,   -4.2406006988147359E-002  ,   -5.4573143321264700E-002
   19.319999800000001       ,   -4.3990688700189504E-002  ,   -5.5860593621903987E-002
   19.339999800000001       ,   -4.5677136466158556E-002  ,   -5.6768490972128258E-002
   19.359999800000001       ,   -4.7473073825757682E-002  ,   -5.7316412920544603E-002
   19.379999800000000       ,   -4.9382255130867921E-002  ,   -5.7531649953737406E-002
   19.399999800000000       ,   -5.1404160888504268E-002  ,   -5.7448400156761122E-002
   19.419999799999999       ,   -5.3533807409584848E-002  ,   -5.7106777550118053E-002
   19.439999799999999       ,   -5.5761679896553479E-002  ,   -5.6551661185294359E-002
   19.459999799999999       ,   -5.8073794509552926E-002  ,   -5.5831416302304891E-002
   19.479999800000002       ,   -6.0451891114841463E-002  ,   -5.4996522218210470E-002
   19.499999800000001       ,   -6.2873754456040376E-002  ,   -5.4098144039935118E-002
   19.519999800000001       ,   -6.5313657519809040E-002  ,   -5.3186686718251358E-002
   19.539999800000000       ,   -6.7742917015287729E-002  ,   -5.2310370349926888E-002
   19.559999800000000       ,   -7.0130547271839164E-002  ,   -5.1513864986839776E-002
   19.579999800000000       ,   -7.2443995597174918E-002  ,   -5.0837021547194543E-002
   19.599999799999999       ,   -7.4649939333329821E-002  ,   -5.0313732794460983E-002
   19.619999799999999       ,   -7.6715122594208374E-002  ,   -4.9970954829355714E-002
   19.639999799999998       ,   -7.8607209042760764E-002  ,   -4.9827915227296057E-002
   19.659999800000001       ,   -8.0295626127567118E-002  ,   -4.9895528966900735E-002
   19.679999800000001       ,   -8.1752375986823292E-002  ,   -5.0176037769986241E-002
   19.699999800000001       ,   -8.2952788760062970E-002  ,   -5.0662882559199679E-002
   19.719999800000000       ,   -8.3876195319827720E-002  ,   -5.1340812594292788E-002
   19.739999800000000       ,   -8.4506498419923484E-002  ,   -5.2186228635468485E-002
   19.759999799999999       ,   -8.4832623905080201E-002  ,   -5.3167751366265670E-002
   19.779999799999999       ,   -8.4848836869364092E-002  ,   -5.4247000449376297E-002
   19.799999799999998       ,   -8.4554911399478377E-002  ,   -5.5379564139007749E-002
   19.819999800000001       ,   -8.3956146689597708E-002  ,   -5.6516134473336588E-002
   19.839999800000001       ,   -8.3063226748740351E-002  ,   -5.7603778845153907E-002
   19.859999800000001       ,   -8.1891925511957397E-002  ,   -5.8587315304144967E-002
   19.879999800000000       ,   -8.0462663778474053E-002  ,   -5.9410756365129380E-002
   19.899999800000000       ,   -7.8799928896514465E-002  ,   -6.0018784444368499E-002
   19.919999799999999       ,   -7.6931572360764949E-002  ,   -6.0358221357140786E-002
   19.939999799999999       ,   -7.4888004354507931E-002  ,   -6.0379454595048787E-002
   19.959999799999999       ,   -7.2701307634275750E-002  ,   -6.0037784346099909E-002
   19.979999800000002       ,   -7.0404295913383000E-002  ,   -5.9294657384610226E-002
   19.999999800000001       ,   -6.8029543961258723E-002  ,   -5.8118756977769734E-002
   20.019999800000001       ,   -6.5608417926792340E-002  ,   -5.6486921745769685E-002
   20.039999800000000       ,   -6.3170134866315550E-002  ,   -5.4384870867858780E-002
   20.059999800000000       ,   -6.0740880083860929E-002  ,   -5.1807718026245841E-002
   20.079999800000000       ,   -5.8343009671191520E-002  ,   -4.8760261889057861E-002
   20.099999799999999       ,   -5.5994363590396855E-002  ,   -4.5257046608868964E-002
   20.119999799999999       ,   -5.3707711819876942E-002  ,   -4.1322191605422158E-002
   20.139999799999998       ,   -5.1490352555685993E-002  ,   -3.6988995659400205E-002
   20.159999800000001       ,   -4.9343877316491223E-002  ,   -3.2299325920269295E-002
   20.179999800000001       ,   -4.7264113152967302E-002  ,   -2.7302807683558038E-002
   20.199999800000001       ,   -4.5241247138475736E-002  ,   -2.2055835589672588E-002
   20.219999800000000       ,   -4.3260133057358714E-002  ,   -1.6620431119266584E-002
   20.239999800000000       ,   -4.1300774858683519E-002  ,   -1.1062974807243766E-002
   20.259999799999999       ,   -3.9338976160072897E-002  ,   -5.4528443857325276E-003
   20.279999799999999       ,   -3.7347140021763342E-002  ,    1.3900796644455288E-004
   20.299999799999998       ,   -3.5295198514499186E-002  ,    5.6415049841462162E-003
   20.319999800000001       ,   -3.3151647416943875E-002  ,    1.0984885774398745E-002
   20.339999800000001       ,   -3.0884657827046885E-002  ,    1.6102105505103079E-002
   20.359999800000001       ,   -2.8463233668687870E-002  ,    2.0930160943073761E-002
   20.379999800000000       ,   -2.5858382111637906E-002  ,    2.5411311740196181E-002
   20.399999800000000       ,   -2.3044262868268005E-002  ,    2.9494170368577367E-002
   20.419999799999999       ,   -1.9999282228468071E-002  ,    3.3134637241756450E-002
   20.439999799999999       ,   -1.6707098562329790E-002  ,    3.6296661725950724E-002
   20.459999799999999       ,   -1.3157507848392997E-002  ,    3.8952814327196578E-002
   20.479999800000002       ,   -9.3471805364204602E-003  ,    4.1084660212332688E-002
   20.499999800000001       ,   -5.2802246639046275E-003  ,    4.2682929253721899E-002
   20.519999800000001       ,   -9.6855452582428553E-004  ,    4.3747482847017516E-002
   20.539999800000000       ,    3.5679507642023146E-003  ,    4.4287082707221349E-002
   20.559999800000000       ,    8.3015089181884827E-003  ,    4.4318971574850298E-002
   20.579999800000000       ,    1.3196720477089606E-002  ,    4.3868280143436501E-002
   20.599999799999999       ,    1.8211077166193055E-002  ,    4.2967278445360545E-002
   20.619999799999999       ,    2.3295684386628240E-002  ,    4.1654493312486850E-002
   20.639999799999998       ,    2.8396183541873281E-002  ,    3.9973716284699014E-002
   20.659999800000001       ,    3.3453854107975800E-002  ,    3.7972928414539739E-002
   20.679999800000001       ,    3.8406870025718097E-002  ,    3.5703169770195602E-002
   20.699999800000001       ,    4.3191680276420077E-002  ,    3.3217382052308515E-002
   20.719999800000000       ,    4.7744479539086095E-002  ,    3.0569252612876307E-002
   20.739999800000000       ,    5.2002731734890138E-002  ,    2.7812087316720701E-002
