Q or theta , Calculated , Experiment
   2.0099999999999998       ,    915.78146479951124       ,    720.00000000000000     
   2.0299999999999998       ,    916.41837112235157       ,    732.00000000000000     
   2.0499999999999998       ,    912.97637186310033       ,    748.00000000000000     
   2.0699999999999998       ,    910.35476971151797       ,    765.00000000000000     
   2.0899999999999999       ,    908.78609844090829       ,    787.00000000000000     
   2.1099999999999999       ,    908.61098247251186       ,    817.00000000000000     
   2.1299999999999999       ,    910.32569542365491       ,    872.00000000000000     
   2.1499999999999999       ,    914.71475317130864       ,    965.00000000000000     
   2.1699999999999999       ,    923.04666897470133       ,    1090.0000000000000     
   2.1899999999999999       ,    937.74374988873319       ,    1160.0000000000000     
   2.2100000000000000       ,    966.24310899872694       ,    1150.0000000000000     
   2.2300000000000000       ,    1043.4929249402742       ,    1160.0000000000000     
   2.2500000000000000       ,    1311.0546437549019       ,    1390.0000000000000     
   2.2700000000000000       ,    2113.9937525431278       ,    2020.0000000000000     
   2.2900000000000000       ,    3765.0327722543957       ,    3690.0000000000000     
   2.3300000000000001       ,    6370.8459976754093       ,    6450.0000000000000     
   2.3500000000000001       ,    4898.2177953886612       ,    4880.0000000000000     
   2.3700000000000001       ,    2923.2531648140016       ,    2880.0000000000000     
   2.3900000000000001       ,    1683.0697108754889       ,    1720.0000000000000     
   2.4100000000000001       ,    1247.8028636813513       ,    1420.0000000000000     
   2.4300000000000002       ,    1333.8263053724966       ,    1480.0000000000000     
   2.4500000000000002       ,    1844.1176599392675       ,    2000.0000000000000     
   2.4700000000000002       ,    2622.0435073569975       ,    2970.0000000000000     
   2.5099999999999998       ,    2679.2291140225711       ,    2980.0000000000000     
   2.5299999999999998       ,    1868.0927899002299       ,    2030.0000000000000     
   2.5499999999999998       ,    1263.2583399458038       ,    1420.0000000000000     
   2.5699999999999998       ,    992.42190853279862       ,    1190.0000000000000     
   2.5899999999999999       ,    918.38154553304048       ,    1100.0000000000000     
   2.6099999999999999       ,    943.04709242266063       ,    1080.0000000000000     
   2.6299999999999999       ,    1072.0897071676566       ,    1150.0000000000000     
   2.6499999999999999       ,    1317.8941690844031       ,    1370.0000000000000     
   2.6899999999999999       ,    1571.2714317311784       ,    1610.0000000000000     
   2.7100000000000000       ,    1348.0319205225619       ,    1350.0000000000000     
   2.7300000000000000       ,    1127.7259746808481       ,    1120.0000000000000     
   2.7500000000000000       ,    1028.6140946203091       ,    1050.0000000000000     
   2.7700000000000000       ,    1032.4229488387921       ,    1080.0000000000000     
   2.7900000000000000       ,    1097.2335846955166       ,    1170.0000000000000     
   2.8100000000000001       ,    1221.1576728511009       ,    1340.0000000000000     
   2.8300000000000001       ,    1499.4788515591720       ,    1710.0000000000000     
   2.8500000000000001       ,    2388.4334527437477       ,    2730.0000000000000     
   2.8700000000000001       ,    5249.7984705860999       ,    5140.0000000000000     
   2.8900000000000001       ,    12024.213117846866       ,    11800.000000000000     
   2.9100000000000001       ,    22060.572920591658       ,    22700.000000000000     
   2.9500000000000002       ,    24419.495258404721       ,    25400.000000000000     
   2.9700000000000002       ,    14372.754640556934       ,    14200.000000000000     
   2.9900000000000002       ,    6501.1096662978571       ,    6010.0000000000000     
   3.0099999999999998       ,    2805.8364551122240       ,    3060.0000000000000     
   3.0299999999999998       ,    1583.8211715935897       ,    1780.0000000000000     
   3.0499999999999998       ,    1208.9272145405876       ,    1330.0000000000000     
   3.0699999999999998       ,    1048.5593941708605       ,    1150.0000000000000     
   3.0899999999999999       ,    950.48809057588699       ,    1060.0000000000000     
   3.1099999999999999       ,    881.74810579688437       ,    944.00000000000000     
   3.1299999999999999       ,    831.08490711029606       ,    829.00000000000000     
   3.1499999999999999       ,    792.48847109536473       ,    768.00000000000000     
   3.1699999999999999       ,    762.26874543679503       ,    767.00000000000000     
   3.1899999999999999       ,    738.04963492526281       ,    840.00000000000000     
   3.2100000000000000       ,    718.24545797175983       ,    952.00000000000000     
   3.2300000000000000       ,    701.76789738072807       ,    978.00000000000000     
   3.2500000000000000       ,    687.85793998262386       ,    869.00000000000000     
   3.2700000000000000       ,    675.96809218572014       ,    731.00000000000000     
   3.2900000000000000       ,    665.70799009926054       ,    651.00000000000000     
   3.3100000000000001       ,    656.79330082269075       ,    624.00000000000000     
   3.3300000000000001       ,    649.02275019289380       ,    622.00000000000000     
   3.3500000000000001       ,    642.26177762689781       ,    639.00000000000000     
   3.3700000000000001       ,    636.43819143256258       ,    667.00000000000000     
   3.3900000000000001       ,    631.55384731352865       ,    677.00000000000000     
   3.4100000000000001       ,    627.72535370046865       ,    662.00000000000000     
   3.4300000000000002       ,    625.46998203755743       ,    663.00000000000000     
   3.4500000000000002       ,    627.40383682895197       ,    703.00000000000000     
   3.4700000000000002       ,    644.59369766300279       ,    735.00000000000000     
   3.4900000000000002       ,    705.89471377578627       ,    748.00000000000000     
   3.5099999999999998       ,    842.74051980361639       ,    822.00000000000000     
   3.5499999999999998       ,    1102.2791859672661       ,    1050.0000000000000     
   3.5699999999999998       ,    986.09152495952276       ,    909.00000000000000     
   3.5899999999999999       ,    800.27943988428706       ,    702.00000000000000     
   3.6099999999999999       ,    670.97107995406668       ,    585.00000000000000     
   3.6299999999999999       ,    613.87983387423276       ,    535.00000000000000     
   3.6499999999999999       ,    594.47016367384731       ,    520.00000000000000     
   3.6699999999999999       ,    587.17881551263929       ,    520.00000000000000     
   3.6899999999999999       ,    583.14139721559093       ,    520.00000000000000     
   3.7100000000000000       ,    580.36109400971054       ,    517.00000000000000     
   3.7300000000000000       ,    578.41561622798622       ,    518.00000000000000     
   3.7500000000000000       ,    577.18714531952128       ,    539.00000000000000     
   3.7700000000000000       ,    576.66000322135403       ,    567.00000000000000     
   3.7900000000000000       ,    576.89392628380563       ,    577.00000000000000     
   3.8100000000000001       ,    578.01950437730147       ,    569.00000000000000     
   3.8300000000000001       ,    580.26876480746716       ,    559.00000000000000     
   3.8500000000000001       ,    584.01650530906500       ,    548.00000000000000     
   3.8700000000000001       ,    589.88171529339979       ,    535.00000000000000     
   3.8900000000000001       ,    599.01360203651302       ,    531.00000000000000     
   3.9100000000000001       ,    614.68242022887455       ,    543.00000000000000     
   3.9300000000000002       ,    651.51899136834402       ,    582.00000000000000     
   3.9500000000000002       ,    769.20538567112942       ,    688.00000000000000     
   3.9700000000000002       ,    1119.9610528086346       ,    987.00000000000000     
   3.9900000000000002       ,    1864.5778449769030       ,    1660.0000000000000     
   4.0300000000000002       ,    3260.7491485033015       ,    3200.0000000000000     
   4.0499999999999998       ,    2712.3364513549027       ,    2590.0000000000000     
   4.0700000000000003       ,    1906.4155082164577       ,    1740.0000000000000     
   4.0899999999999999       ,    1544.4456578894440       ,    1480.0000000000000     
   4.1299999999999999       ,    1659.9430027985568       ,    1690.0000000000000     
   4.1500000000000004       ,    1412.8034347896541       ,    1380.0000000000000     
   4.1699999999999999       ,    1134.8142922985962       ,    1050.0000000000000     
   4.1900000000000004       ,    1166.0090165172426       ,    1040.0000000000000     
   4.2100000000000000       ,    1810.9200483466946       ,    1540.0000000000000     
   4.2300000000000004       ,    3211.2309759894806       ,    2790.0000000000000     
   4.2699999999999996       ,    5127.7055194502964       ,    4890.0000000000000     
   4.2900000000000000       ,    3822.7021080665027       ,    3530.0000000000000     
   4.3099999999999996       ,    2255.7544819927784       ,    1940.0000000000000     
   4.3300000000000001       ,    1396.1784176535707       ,    1280.0000000000000     
   4.3499999999999996       ,    1375.6798778978459       ,    1290.0000000000000     
   4.3700000000000001       ,    2022.3741285319868       ,    1970.0000000000000     
   4.4100000000000001       ,    3255.3597080763325       ,    3270.0000000000000     
   4.4299999999999997       ,    2589.3304682828534       ,    2480.0000000000000     
   4.4500000000000002       ,    1636.7606674051212       ,    1470.0000000000000     
   4.4699999999999998       ,    1005.4678263132108       ,    886.00000000000000     
   4.4900000000000002       ,    742.42750628503813       ,    666.00000000000000     
   4.5099999999999998       ,    667.02033642732022       ,    586.00000000000000     
   4.5300000000000002       ,    657.73171292806478       ,    577.00000000000000     
   4.5499999999999998       ,    690.31923289369570       ,    624.00000000000000     
   4.5700000000000003       ,    832.92102824525296       ,    775.00000000000000     
   4.5899999999999999       ,    1300.0252436608894       ,    1170.0000000000000     
   4.6100000000000003       ,    2369.7001549559991       ,    2190.0000000000000     
   4.6299999999999999       ,    3887.7178780549107       ,    3790.0000000000000     
   4.6699999999999999       ,    4084.5706949670393       ,    4040.0000000000000     
   4.6900000000000004       ,    2594.8128399999800       ,    2410.0000000000000     
   4.7100000000000000       ,    1486.5349710194009       ,    1460.0000000000000     
   4.7500000000000000       ,    804.58618615602404       ,    937.00000000000000     
   4.7699999999999996       ,    718.86339633907994       ,    771.00000000000000     
   4.7900000000000000       ,    707.04237745250407       ,    727.00000000000000     
   4.8099999999999996       ,    769.33247733365783       ,    853.00000000000000     
   4.8499999999999996       ,    824.24309392315263       ,    1010.0000000000000     
   4.8700000000000001       ,    722.18991653228477       ,    835.00000000000000     
   4.8899999999999997       ,    629.22797778895460       ,    682.00000000000000     
   4.9100000000000001       ,    595.94145839901762       ,    603.00000000000000     
   4.9299999999999997       ,    634.48501565414904       ,    609.00000000000000     
   4.9500000000000002       ,    750.18572120135946       ,    721.00000000000000     
   4.9900000000000002       ,    1147.7069252218012       ,    1080.0000000000000     
   5.0099999999999998       ,    1374.1722470280288       ,    1270.0000000000000     
   5.0499999999999998       ,    1388.9254321564140       ,    1300.0000000000000     
   5.0700000000000003       ,    1047.0081631369333       ,    940.00000000000000     
   5.0899999999999999       ,    755.71592311161248       ,    671.00000000000000     
   5.1100000000000003       ,    606.93928008875616       ,    559.00000000000000     
   5.1299999999999999       ,    555.71393600293641       ,    518.00000000000000     
   5.1500000000000004       ,    543.00494435874782       ,    499.00000000000000     
   5.1699999999999999       ,    542.26071739735710       ,    490.00000000000000     
   5.1900000000000004       ,    546.89822236498298       ,    490.00000000000000     
   5.2100000000000000       ,    556.45106418002172       ,    496.00000000000000     
   5.2300000000000004       ,    572.56687447075808       ,    505.00000000000000     
   5.2500000000000000       ,    601.05257596960257       ,    534.00000000000000     
   5.2699999999999996       ,    667.35650951567698       ,    614.00000000000000     
   5.2900000000000000       ,    870.86957471362246       ,    828.00000000000000     
   5.3099999999999996       ,    1467.0025677878473       ,    1340.0000000000000     
   5.3300000000000001       ,    2776.5134125472841       ,    2540.0000000000000     
   5.3899999999999997       ,    5561.1376312423854       ,    5820.0000000000000     
   5.4100000000000001       ,    3765.5100394119354       ,    3850.0000000000000     
   5.4299999999999997       ,    2060.3768657895525       ,    2020.0000000000000     
   5.4500000000000002       ,    1107.8251578064235       ,    1100.0000000000000     
   5.4699999999999998       ,    738.36777039569347       ,    729.00000000000000     
   5.4900000000000002       ,    619.99204510214622       ,    588.00000000000000     
   5.5099999999999998       ,    576.15788748981288       ,    524.00000000000000     
   5.5300000000000002       ,    552.84705723006050       ,    500.00000000000000     
   5.5499999999999998       ,    537.65027759321640       ,    490.00000000000000     
   5.5700000000000003       ,    527.19178279035236       ,    488.00000000000000     
   5.5899999999999999       ,    519.97679892543658       ,    488.00000000000000     
   5.6100000000000003       ,    515.17362827572947       ,    490.00000000000000     
   5.6299999999999999       ,    512.32105225213252       ,    487.00000000000000     
   5.6500000000000004       ,    511.21705977523311       ,    475.00000000000000     
   5.6699999999999999       ,    511.87887730347512       ,    461.00000000000000     
   5.6900000000000004       ,    514.56847500554079       ,    455.00000000000000     
   5.7100000000000000       ,    519.95264817056466       ,    463.00000000000000     
   5.7300000000000004       ,    529.99481517857635       ,    493.00000000000000     
   5.7500000000000000       ,    552.78593816044156       ,    560.00000000000000     
   5.7699999999999996       ,    620.32627422133794       ,    680.00000000000000     
   5.7900000000000000       ,    820.75240085242444       ,    889.00000000000000     
   5.8099999999999996       ,    1286.6873917174487       ,    1280.0000000000000     
   5.8700000000000001       ,    2704.6368318408240       ,    2620.0000000000000     
   5.8899999999999997       ,    2040.4618762515361       ,    1930.0000000000000     
   5.9100000000000001       ,    1290.0194252721440       ,    1170.0000000000000     
   5.9299999999999997       ,    847.41239151034347       ,    792.00000000000000     
   5.9500000000000002       ,    732.07623847621653       ,    699.00000000000000     
   5.9699999999999998       ,    857.79094328613564       ,    786.00000000000000     
   5.9900000000000002       ,    1133.6426434194389       ,    1030.0000000000000     
   6.0300000000000002       ,    1284.6302503482561       ,    1170.0000000000000     
   6.0499999999999998       ,    991.97491205001461       ,    893.00000000000000     
   6.0700000000000003       ,    738.53437350275931       ,    677.00000000000000     
   6.0899999999999999       ,    629.13799531835252       ,    610.00000000000000     
   6.1100000000000003       ,    644.23099423384235       ,    654.00000000000000     
   6.1299999999999999       ,    735.40289072855239       ,    796.00000000000000     
   6.1699999999999999       ,    966.96554972809417       ,    1120.0000000000000     
   6.1900000000000004       ,    1127.7561251773102       ,    1340.0000000000000     
   6.2300000000000004       ,    1232.5183824313997       ,    1510.0000000000000     
   6.2500000000000000       ,    988.34705577534055       ,    1150.0000000000000     
   6.2699999999999996       ,    759.50551055618359       ,    845.00000000000000     
   6.2900000000000000       ,    648.20002591438970       ,    726.00000000000000     
   6.3099999999999996       ,    652.13708300249937       ,    742.00000000000000     
   6.3300000000000001       ,    810.66857130760991       ,    906.00000000000000     
   6.3499999999999996       ,    1317.7433400976638       ,    1370.0000000000000     
   6.3700000000000001       ,    2395.1000311494558       ,    2500.0000000000000     
   6.4100000000000001       ,    4459.3043797053324       ,    4970.0000000000000     
   6.4299999999999997       ,    3636.9730228621656       ,    4010.0000000000000     
   6.4699999999999998       ,    1237.8978835365449       ,    1310.0000000000000     
   6.4900000000000002       ,    778.19053425497646       ,    888.00000000000000     
   6.5099999999999998       ,    623.80332831174405       ,    715.00000000000000     
   6.5300000000000002       ,    576.15692412668864       ,    657.00000000000000     
   6.5499999999999998       ,    559.71698236617146       ,    643.00000000000000     
   6.5700000000000003       ,    557.57944597504786       ,    637.00000000000000     
   6.5899999999999999       ,    575.94058235007128       ,    633.00000000000000     
   6.6100000000000003       ,    648.08911026415001       ,    669.00000000000000     
   6.6299999999999999       ,    846.06750306059485       ,    815.00000000000000     
   6.6500000000000004       ,    1249.1157731090084       ,    1150.0000000000000     
   6.7300000000000004       ,    1870.0541668638321       ,    1790.0000000000000     
   6.7500000000000000       ,    1227.2672481975842       ,    1170.0000000000000     
   6.7699999999999996       ,    799.91902488057292       ,    793.00000000000000     
   6.7900000000000000       ,    612.30159897060412       ,    649.00000000000000     
   6.8099999999999996       ,    550.80352496043770       ,    588.00000000000000     
   6.8300000000000001       ,    532.03678253561259       ,    560.00000000000000     
   6.8499999999999996       ,    525.60034549514171       ,    548.00000000000000     
   6.8700000000000001       ,    524.25506359208964       ,    547.00000000000000     
   6.8899999999999997       ,    526.63353929130767       ,    554.00000000000000     
   6.9100000000000001       ,    532.84266593670941       ,    566.00000000000000     
   6.9299999999999997       ,    544.28025053957390       ,    586.00000000000000     
   6.9500000000000002       ,    565.75750293266265       ,    623.00000000000000     
   6.9900000000000002       ,    704.25165841285650       ,    829.00000000000000     
   7.0099999999999998       ,    884.04342356269740       ,    1060.0000000000000     
   7.0499999999999998       ,    1958.1535733248452       ,    2070.0000000000000     
   7.0700000000000003       ,    3327.9967870283931       ,    3390.0000000000000     
   7.1299999999999999       ,    5011.1340306819138       ,    5310.0000000000000     
   7.1500000000000004       ,    3566.8301398017065       ,    3670.0000000000000     
   7.1699999999999999       ,    2842.2288316567860       ,    3000.0000000000000     
   7.2100000000000000       ,    2866.4611796342183       ,    3300.0000000000000     
   7.2300000000000004       ,    2195.1370010374503       ,    2440.0000000000000     
   7.2500000000000000       ,    1393.3697431597548       ,    1490.0000000000000     
   7.2699999999999996       ,    878.11366814332700       ,    956.00000000000000     
   7.2900000000000000       ,    656.90311950483283       ,    740.00000000000000     
   7.3099999999999996       ,    581.76962362667052       ,    644.00000000000000     
   7.3300000000000001       ,    555.02012208744395       ,    603.00000000000000     
   7.3499999999999996       ,    544.85539369830974       ,    584.00000000000000     
   7.3700000000000001       ,    548.74773949738506       ,    582.00000000000000     
   7.3899999999999997       ,    575.73900347975928       ,    607.00000000000000     
   7.4100000000000001       ,    635.05802965136900       ,    673.00000000000000     
   7.4500000000000002       ,    868.08149157112166       ,    887.00000000000000     
   7.4900000000000002       ,    1655.2189577749884       ,    1580.0000000000000     
   7.5300000000000002       ,    2074.9248289929515       ,    2070.0000000000000     
   7.5499999999999998       ,    1565.5031591600371       ,    1540.0000000000000     
   7.5700000000000003       ,    1091.1876966455811       ,    1080.0000000000000     
   7.6100000000000003       ,    777.43529114988416       ,    862.00000000000000     
   7.6299999999999999       ,    686.94296349583874       ,    751.00000000000000     
   7.6500000000000004       ,    594.80945210396328       ,    632.00000000000000     
   7.6699999999999999       ,    534.88994633765799       ,    567.00000000000000     
   7.6900000000000004       ,    509.08625465057446       ,    543.00000000000000     
   7.7100000000000000       ,    502.90750154682087       ,    536.00000000000000     
   7.7300000000000004       ,    508.40991494154275       ,    544.00000000000000     
   7.7500000000000000       ,    533.93801451982779       ,    580.00000000000000     
   7.7699999999999996       ,    617.40747063924505       ,    679.00000000000000     
   7.8099999999999996       ,    1214.4975997553311       ,    1390.0000000000000     
   7.8499999999999996       ,    1665.5422332311209       ,    2010.0000000000000     
   7.8700000000000001       ,    1309.6877137540580       ,    1560.0000000000000     
   7.8899999999999997       ,    895.44405296063030       ,    1030.0000000000000     
   7.9100000000000001       ,    641.48431177044881       ,    744.00000000000000     
   7.9299999999999997       ,    539.62011653654781       ,    627.00000000000000     
   7.9500000000000002       ,    511.00140289899173       ,    578.00000000000000     
   7.9699999999999998       ,    511.52776251209667       ,    567.00000000000000     
   7.9900000000000002       ,    540.35515226372786       ,    591.00000000000000     
   8.0099999999999998       ,    619.36058764704410       ,    682.00000000000000     
   8.0700000000000003       ,    911.77041337433388       ,    1100.0000000000000     
   8.1099999999999994       ,    899.47414276252391       ,    1030.0000000000000     
   8.1300000000000008       ,    1127.3360693508660       ,    1250.0000000000000     
   8.1699999999999999       ,    1748.7156749471881       ,    1900.0000000000000     
   8.2100000000000009       ,    1663.7506484271291       ,    1800.0000000000000     
   8.2300000000000004       ,    1497.5985686366778       ,    1610.0000000000000     
   8.2899999999999991       ,    959.91809574717081       ,    1010.0000000000000     
   8.3100000000000005       ,    814.66736694961492       ,    859.00000000000000     
   8.3300000000000001       ,    845.48934122497838       ,    882.00000000000000     
   8.3499999999999996       ,    1122.0383567719359       ,    1160.0000000000000     
   8.4100000000000001       ,    1610.0767854607063       ,    1690.0000000000000     
   8.4499999999999993       ,    902.41056331190612       ,    886.00000000000000     
   8.4700000000000006       ,    742.01608590379510       ,    753.00000000000000     
   8.5099999999999998       ,    684.71546381996870       ,    713.00000000000000     
   8.5500000000000007       ,    716.14567844402131       ,    806.00000000000000     
   8.5899999999999999       ,    695.65982801842858       ,    820.00000000000000     
   8.6099999999999994       ,    607.12491642760665       ,    670.00000000000000     
   8.6300000000000008       ,    527.89928081560242       ,    539.00000000000000     
   8.6500000000000004       ,    484.19501201937777       ,    475.00000000000000     
   8.6699999999999999       ,    468.17461015147956       ,    450.00000000000000     
   8.6899999999999995       ,    466.99465592168912       ,    443.00000000000000     
   8.7100000000000009       ,    480.04627724963018       ,    454.00000000000000     
   8.7300000000000004       ,    520.17205736620315       ,    495.00000000000000     
   8.7500000000000000       ,    602.10832140597586       ,    591.00000000000000     
   8.8300000000000001       ,    742.72570378448609       ,    807.00000000000000     
   8.8499999999999996       ,    618.14405975003149       ,    630.00000000000000     
   8.8699999999999992       ,    523.63037609448975       ,    504.00000000000000     
   8.8900000000000006       ,    476.57625299145985       ,    447.00000000000000     
   8.9100000000000001       ,    460.58620960438600       ,    428.00000000000000     
   8.9299999999999997       ,    459.35741575587826       ,    427.00000000000000     
   8.9499999999999993       ,    467.58493163557040       ,    438.00000000000000     
   8.9700000000000006       ,    483.83192881550769       ,    467.00000000000000     
   9.0099999999999998       ,    506.30681918481707       ,    513.00000000000000     
   9.0299999999999994       ,    509.49620667637242       ,    510.00000000000000     
   9.0500000000000007       ,    550.73775535429763       ,    541.00000000000000     
   9.0700000000000003       ,    686.74658201647549       ,    676.00000000000000     
   9.0899999999999999       ,    938.25031907871096       ,    968.00000000000000     
   9.1300000000000008       ,    1224.9476774067643       ,    1330.0000000000000     
   9.1500000000000004       ,    1006.0378646560052       ,    1060.0000000000000     
   9.1699999999999999       ,    787.87927557009175       ,    775.00000000000000     
   9.1899999999999995       ,    738.65352781753222       ,    717.00000000000000     
   9.2500000000000000       ,    1009.4839400970500       ,    1030.0000000000000     
   9.2699999999999996       ,    890.67603583088044       ,    925.00000000000000     
   9.3100000000000005       ,    698.37672308245499       ,    781.00000000000000     
   9.3300000000000001       ,    633.91003585027022       ,    689.00000000000000     
   9.3900000000000006       ,    715.79017856392443       ,    737.00000000000000     
   9.4100000000000001       ,    932.70137815368969       ,    998.00000000000000     
   9.4499999999999993       ,    1288.5587116327290       ,    1450.0000000000000     
   9.5099999999999998       ,    823.72138962001054       ,    901.00000000000000     
   9.5299999999999994       ,    641.53159668406113       ,    671.00000000000000     
   9.5500000000000007       ,    533.58570725600498       ,    547.00000000000000     
   9.5700000000000003       ,    487.02653303102375       ,    492.00000000000000     
   9.5899999999999999       ,    477.49179574662497       ,    481.00000000000000     
   9.6099999999999994       ,    500.82116887992260       ,    506.00000000000000     
   9.6300000000000008       ,    580.44446329173525       ,    586.00000000000000     
   9.6500000000000004       ,    736.88908465596569       ,    772.00000000000000     
   9.6899999999999995       ,    978.63303316559109       ,    1090.0000000000000     
   9.7100000000000009       ,    853.66627725266881       ,    923.00000000000000     
   9.7300000000000004       ,    693.61009756136173       ,    709.00000000000000     
   9.7500000000000000       ,    637.24390881716067       ,    626.00000000000000     
   9.7699999999999996       ,    720.62247249417624       ,    705.00000000000000     
   9.8100000000000005       ,    957.07488308295024       ,    954.00000000000000     
   9.8300000000000001       ,    857.90749895498629       ,    854.00000000000000     
   9.8499999999999996       ,    693.35049879185988       ,    680.00000000000000     
   9.8699999999999992       ,    594.31045382527645       ,    583.00000000000000     
   9.8900000000000006       ,    624.67052799156932       ,    604.00000000000000     
   9.9100000000000001       ,    839.51541109263076       ,    771.00000000000000     
   9.9299999999999997       ,    1267.5695012846907       ,    1140.0000000000000     
   10.010000000000000       ,    1176.0661957699058       ,    1160.0000000000000     
   10.029999999999999       ,    820.36113015550086       ,    830.00000000000000     
   10.050000000000001       ,    660.40238243310114       ,    683.00000000000000     
   10.109999999999999       ,    682.31147717664078       ,    721.00000000000000     
   10.150000000000000       ,    744.13187729120091       ,    794.00000000000000     
   10.210000000000001       ,    651.78702488496049       ,    706.00000000000000     
   10.230000000000000       ,    610.40179351811935       ,    653.00000000000000     
   10.250000000000000       ,    658.96735725593453       ,    691.00000000000000     
   10.270000000000000       ,    828.93857985157592       ,    881.00000000000000     
   10.330000000000000       ,    908.88692123917099       ,    995.00000000000000     
   10.350000000000000       ,    680.86762115374631       ,    714.00000000000000     
   10.369999999999999       ,    530.64059105070601       ,    545.00000000000000     
   10.390000000000001       ,    467.56234576909452       ,    479.00000000000000     
   10.410000000000000       ,    456.75262532844306       ,    457.00000000000000     
   10.430000000000000       ,    475.51918047295447       ,    461.00000000000000     
   10.449999999999999       ,    510.12844892389012       ,    484.00000000000000     
   10.510000000000000       ,    486.44950341563430       ,    470.00000000000000     
   10.529999999999999       ,    453.95670607636322       ,    445.00000000000000     
   10.550000000000001       ,    437.76920509542629       ,    435.00000000000000     
   10.570000000000000       ,    438.07382733338005       ,    439.00000000000000     
   10.590000000000000       ,    454.58080251736823       ,    458.00000000000000     
   10.609999999999999       ,    489.06372032619902       ,    499.00000000000000     
   10.670000000000000       ,    633.07151831025749       ,    702.00000000000000     
   10.710000000000001       ,    843.16859564851791       ,    909.00000000000000     
   10.789999999999999       ,    1221.1175823934684       ,    1390.0000000000000     
   10.830000000000000       ,    1066.0233571802569       ,    1240.0000000000000     
   10.890000000000001       ,    736.07350101048223       ,    801.00000000000000     
   10.910000000000000       ,    583.99912971432320       ,    614.00000000000000     
   10.930000000000000       ,    504.04836819122568       ,    525.00000000000000     
   10.949999999999999       ,    492.82697618049235       ,    516.00000000000000     
   11.010000000000000       ,    616.47968484947023       ,    710.00000000000000     
   11.050000000000001       ,    576.26797643461805       ,    659.00000000000000     
   11.070000000000000       ,    525.76269955374528       ,    582.00000000000000     
   11.109999999999999       ,    459.09873992360747       ,    486.00000000000000     
   11.130000000000001       ,    435.31180750963415       ,    446.00000000000000     
   11.150000000000000       ,    422.20732204906960       ,    425.00000000000000     
   11.170000000000000       ,    423.79422727567282       ,    428.00000000000000     
   11.190000000000000       ,    447.28895658005416       ,    460.00000000000000     
   11.230000000000000       ,    581.04401298094945       ,    641.00000000000000     
   11.270000000000000       ,    616.13826627864717       ,    682.00000000000000     
   11.289999999999999       ,    553.05381698332644       ,    587.00000000000000     
   11.310000000000000       ,    517.54347349536511       ,    532.00000000000000     
   11.330000000000000       ,    527.63317581332581       ,    551.00000000000000     
   11.369999999999999       ,    544.77808586168044       ,    571.00000000000000     
   11.410000000000000       ,    518.22748068817009       ,    505.00000000000000     
   11.430000000000000       ,    538.97504689809830       ,    512.00000000000000     
   11.490000000000000       ,    580.46500624707892       ,    562.00000000000000     
   11.510000000000000       ,    511.52489361350683       ,    494.00000000000000     
   11.529999999999999       ,    461.57511030259639       ,    450.00000000000000     
   11.550000000000001       ,    448.22912209370674       ,    451.00000000000000     
   11.590000000000000       ,    490.03560803812138       ,    518.00000000000000     
   11.650000000000000       ,    580.40400991595686       ,    624.00000000000000     
   11.710000000000001       ,    787.58840829148119       ,    861.00000000000000     
   11.750000000000000       ,    663.29121929596931       ,    728.00000000000000     
   11.789999999999999       ,    548.40429519369911       ,    607.00000000000000     
   11.810000000000000       ,    496.44711696091059       ,    533.00000000000000     
   11.830000000000000       ,    466.04211129685621       ,    486.00000000000000     
   11.869999999999999       ,    473.52212971272024       ,    486.00000000000000     
   11.890000000000001       ,    511.23624112913058       ,    522.00000000000000     
   11.970000000000001       ,    623.39437060261571       ,    659.00000000000000     
   11.990000000000000       ,    535.31068739344460       ,    557.00000000000000     
   12.010000000000000       ,    495.82631383078939       ,    519.00000000000000     
   12.050000000000001       ,    552.37960634213368       ,    605.00000000000000     
   12.109999999999999       ,    619.31492161866390       ,    687.00000000000000     
   12.150000000000000       ,    558.28820306488547       ,    629.00000000000000     
   12.190000000000000       ,    562.23589137790270       ,    690.00000000000000     
   12.210000000000001       ,    536.15798379236230       ,    642.00000000000000     
   12.250000000000000       ,    550.38911585512903       ,    634.00000000000000     
   12.289999999999999       ,    602.82404030943917       ,    700.00000000000000     
   12.330000000000000       ,    656.60048695155297       ,    735.00000000000000     
   12.430000000000000       ,    941.23886481765771       ,    1140.0000000000000     
   12.490000000000000       ,    575.45323623850095       ,    672.00000000000000     
   12.510000000000000       ,    477.67429300743220       ,    532.00000000000000     
   12.550000000000001       ,    405.30650108280327       ,    433.00000000000000     
   12.570000000000000       ,    398.28232197919203       ,    424.00000000000000     
   12.590000000000000       ,    398.19977723376297       ,    423.00000000000000     
   12.630000000000001       ,    397.45651874694539       ,    421.00000000000000     
   12.650000000000000       ,    393.34812292696756       ,    416.00000000000000     
   12.670000000000000       ,    393.80386361976508       ,    416.00000000000000     
   12.690000000000000       ,    405.20708132896863       ,    429.00000000000000     
   12.750000000000000       ,    470.52282039657450       ,    520.00000000000000     
   12.770000000000000       ,    472.05319982299204       ,    524.00000000000000     
   12.789999999999999       ,    498.27422652517259       ,    556.00000000000000     
   12.869999999999999       ,    649.20412250640447       ,    764.00000000000000     
   13.010000000000000       ,    522.76094527943883       ,    528.00000000000000     
   13.029999999999999       ,    453.61979423897486       ,    475.00000000000000     
   13.050000000000001       ,    434.15904402952856       ,    469.00000000000000     
   13.070000000000000       ,    450.69817603310048       ,    499.00000000000000     
   13.130000000000001       ,    512.03301456833083       ,    577.00000000000000     
   13.170000000000000       ,    523.78148472800058       ,    594.00000000000000     
   13.190000000000000       ,    512.00089741072998       ,    585.00000000000000     
   13.250000000000000       ,    545.29074359804167       ,    671.00000000000000     
   13.270000000000000       ,    500.65115833617125       ,    604.00000000000000     
   13.289999999999999       ,    446.02823601979298       ,    514.00000000000000     
   13.310000000000000       ,    415.00645141598727       ,    459.00000000000000     
   13.330000000000000       ,    414.22126934781534       ,    450.00000000000000     
   13.390000000000001       ,    494.94636641985437       ,    532.00000000000000     
   13.470000000000001       ,    579.17719264688503       ,    650.00000000000000     
   13.490000000000000       ,    538.69200414948682       ,    595.00000000000000     
   13.510000000000000       ,    542.14597979355017       ,    604.00000000000000     
   13.590000000000000       ,    504.48480127480195       ,    570.00000000000000     
   13.650000000000000       ,    545.05054419105272       ,    642.00000000000000     
   13.690000000000000       ,    453.76980091613842       ,    526.00000000000000     
   13.730000000000000       ,    392.06328986890907       ,    422.00000000000000     
   13.750000000000000       ,    379.72469955004948       ,    402.00000000000000     
   13.770000000000000       ,    374.13834609030448       ,    394.00000000000000     
   13.789999999999999       ,    373.43458807346934       ,    393.00000000000000     
   13.810000000000000       ,    375.91105171465529       ,    397.00000000000000     
   13.850000000000000       ,    382.51122575715726       ,    406.00000000000000     
   13.869999999999999       ,    393.14086813670656       ,    417.00000000000000     
   13.890000000000001       ,    423.32644048607233       ,    450.00000000000000     
   13.910000000000000       ,    479.91934928049079       ,    516.00000000000000     
   13.990000000000000       ,    560.87761627408725       ,    642.00000000000000     
   14.050000000000001       ,    556.53796092190396       ,    708.00000000000000     
   14.109999999999999       ,    455.42683592694368       ,    538.00000000000000     
   14.270000000000000       ,    565.39436758685008       ,    673.00000000000000     
   14.310000000000000       ,    488.63828811168855       ,    594.00000000000000     
   14.330000000000000       ,    458.58009671627087       ,    532.00000000000000     
   14.369999999999999       ,    431.78253227611401       ,    474.00000000000000     
   14.390000000000001       ,    425.27661858308073       ,    457.00000000000000     
   14.449999999999999       ,    435.36263645762574       ,    467.00000000000000     
   14.470000000000001       ,    436.05893362440520       ,    455.00000000000000     
   14.490000000000000       ,    453.42758385741047       ,    459.00000000000000     
   14.590000000000000       ,    442.93025344526308       ,    484.00000000000000     
   14.630000000000001       ,    483.81769796330661       ,    556.00000000000000     
   14.710000000000001       ,    466.48610916631435       ,    513.00000000000000     
   14.750000000000000       ,    403.36982211216565       ,    416.00000000000000     
   14.830000000000000       ,    409.35662524257305       ,    415.00000000000000     
   14.850000000000000       ,    419.10527571677346       ,    427.00000000000000     
   14.890000000000001       ,    437.30434966504288       ,    458.00000000000000     
   14.930000000000000       ,    421.07805632065157       ,    447.00000000000000     
   14.949999999999999       ,    424.34297079726207       ,    453.00000000000000     
   15.010000000000000       ,    450.25403887027994       ,    498.00000000000000     
   15.029999999999999       ,    425.18187854144719       ,    459.00000000000000     
   15.070000000000000       ,    421.30692014119899       ,    447.00000000000000     
   15.109999999999999       ,    448.63213523401566       ,    487.00000000000000     
   15.170000000000000       ,    456.28898543426322       ,    509.00000000000000     
   15.190000000000000       ,    448.26124366785518       ,    481.00000000000000     
   15.210000000000001       ,    463.39915368594654       ,    471.00000000000000     
   15.350000000000000       ,    401.64658015133836       ,    414.00000000000000     
   15.369999999999999       ,    402.21520055077713       ,    429.00000000000000     
   15.410000000000000       ,    403.82722087237573       ,    442.00000000000000     
   15.430000000000000       ,    390.65756248230065       ,    418.00000000000000     
   15.470000000000001       ,    379.39933454187377       ,    391.00000000000000     
   15.529999999999999       ,    401.11747498950172       ,    408.00000000000000     
   15.550000000000001       ,    402.75671716474631       ,    408.00000000000000     
   15.570000000000000       ,    414.42642339296259       ,    420.00000000000000     
   15.650000000000000       ,    415.52462239368566       ,    430.00000000000000     
   15.730000000000000       ,    415.14099953241043       ,    456.00000000000000     
   15.810000000000000       ,    387.45993448537945       ,    406.00000000000000     
   15.830000000000000       ,    394.96118609136590       ,    416.00000000000000     
   15.869999999999999       ,    435.59979506972377       ,    458.00000000000000     
   15.970000000000001       ,    406.07745422109792       ,    407.00000000000000     
   15.990000000000000       ,    382.90423154168508       ,    383.00000000000000     
   16.010000000000002       ,    368.09657569315817       ,    367.00000000000000     
   16.030000000000001       ,    362.40558000830100       ,    360.00000000000000     
   16.050000000000001       ,    364.31324401472943       ,    360.00000000000000     
   16.070000000000000       ,    376.19174479416347       ,    367.00000000000000     
   16.090000000000000       ,    406.36324295919519       ,    384.00000000000000     
   16.270000000000000       ,    454.19472384904236       ,    475.00000000000000     
   16.329999999999998       ,    425.68517105864305       ,    475.00000000000000     
   16.390000000000001       ,    395.97304849682405       ,    423.00000000000000     
   16.489999999999998       ,    406.13443449898682       ,    446.00000000000000     
   16.510000000000002       ,    397.65589249545479       ,    438.00000000000000     
   16.570000000000000       ,    397.85624581562496       ,    436.00000000000000     
   16.590000000000000       ,    398.52069211573200       ,    429.00000000000000     
   16.670000000000002       ,    382.79818259188528       ,    403.00000000000000     
   16.690000000000001       ,    379.83943844661638       ,    398.00000000000000     
   16.730000000000000       ,    424.98684724424061       ,    423.00000000000000     
   16.870000000000001       ,    461.96254436670461       ,    535.00000000000000     
   16.949999999999999       ,    401.15020368521948       ,    433.00000000000000     
   16.989999999999998       ,    371.09086974467220       ,    391.00000000000000     
   17.010000000000002       ,    367.74827313621353       ,    384.00000000000000     
   17.050000000000001       ,    376.43279817776124       ,    390.00000000000000     
   17.070000000000000       ,    389.88968159459921       ,    406.00000000000000     
   17.149999999999999       ,    437.64645751179359       ,    491.00000000000000     
   17.210000000000001       ,    458.81449620642286       ,    548.00000000000000     
   17.230000000000000       ,    431.53092106464146       ,    502.00000000000000     
   17.309999999999999       ,    372.03118898420882       ,    392.00000000000000     
   17.350000000000001       ,    354.56761029871700       ,    364.00000000000000     
   17.370000000000001       ,    352.41499883372990       ,    359.00000000000000     
   17.430000000000000       ,    359.34190451861639       ,    364.00000000000000     
   17.469999999999999       ,    360.91378744380114       ,    364.00000000000000     
   17.510000000000002       ,    364.99782634187534       ,    369.00000000000000     
   17.530000000000001       ,    376.61575525641979       ,    377.00000000000000     
   17.550000000000001       ,    404.11657991073304       ,    399.00000000000000     
   17.670000000000002       ,    401.83018993182986       ,    418.00000000000000     
   17.750000000000000       ,    372.84561751104201       ,    391.00000000000000     
   17.770000000000000       ,    367.49216673954527       ,    378.00000000000000     
   17.850000000000001       ,    378.06493558765635       ,    390.00000000000000     
   17.910000000000000       ,    363.42933650399459       ,    377.00000000000000     
   17.930000000000000       ,    357.98813000908331       ,    367.00000000000000     
   17.989999999999998       ,    355.64180265312649       ,    359.00000000000000     
   18.010000000000002       ,    356.99651317858354       ,    361.00000000000000     
   18.030000000000001       ,    362.56272525086240       ,    370.00000000000000     
   18.090000000000000       ,    380.93823386952266       ,    406.00000000000000     
   18.129999999999999       ,    372.23438095617223       ,    391.00000000000000     
   18.149999999999999       ,    373.45862091798818       ,    382.00000000000000     
   18.270000000000000       ,    393.34662145022173       ,    410.00000000000000     
   18.350000000000001       ,    384.32656483568866       ,    406.00000000000000     
   18.390000000000001       ,    380.03098024595192       ,    401.00000000000000     
   18.449999999999999       ,    379.13950983677614       ,    403.00000000000000     
   18.469999999999999       ,    374.07424990715054       ,    394.00000000000000     
   18.510000000000002       ,    370.15104518548742       ,    388.00000000000000     
   18.590000000000000       ,    382.93340637288446       ,    399.00000000000000     
   18.730000000000000       ,    363.68589247479639       ,    387.00000000000000     
   18.890000000000001       ,    366.07308935474646       ,    387.00000000000000     
   18.910000000000000       ,    368.39823278764277       ,    392.00000000000000     
   18.989999999999998       ,    385.14215284892936       ,    418.00000000000000     
   19.050000000000001       ,    380.00175218108996       ,    404.00000000000000     
   19.149999999999999       ,    354.63938471149743       ,    368.00000000000000     
   19.170000000000002       ,    350.12367237742507       ,    365.00000000000000     
   19.230000000000000       ,    363.84126667340155       ,    390.00000000000000     
   19.309999999999999       ,    357.53968234646152       ,    380.00000000000000     
   19.329999999999998       ,    353.94338657619085       ,    372.00000000000000     
   19.350000000000001       ,    356.29438312455005       ,    372.00000000000000     
   19.469999999999999       ,    353.19162049682626       ,    364.00000000000000     
   19.530000000000001       ,    353.83934092144256       ,    367.00000000000000     
   19.550000000000001       ,    366.80864688573803       ,    385.00000000000000     
   19.609999999999999       ,    376.85132889125913       ,    408.00000000000000     
   19.649999999999999       ,    349.58293103502785       ,    368.00000000000000     
   19.690000000000001       ,    339.53836089340007       ,    351.00000000000000     
   19.730000000000000       ,    339.08377930150584       ,    347.00000000000000     
   19.750000000000000       ,    342.14127322658521       ,    349.00000000000000     
   19.770000000000000       ,    349.30707421224508       ,    355.00000000000000     
   19.890000000000001       ,    361.29869933162348       ,    393.00000000000000     
   19.910000000000000       ,    356.30713111278828       ,    380.00000000000000     
   20.170000000000002       ,    358.02817672241383       ,    373.00000000000000     
   20.530000000000001       ,    351.25169696810974       ,    368.00000000000000     
   20.570000000000000       ,    351.23515829740484       ,    363.00000000000000     
   20.590000000000000       ,    362.60344461434079       ,    372.00000000000000     
   20.809999999999999       ,    358.41782230000456       ,    369.00000000000000     
   20.829999999999998       ,    347.93454365606135       ,    360.00000000000000     
   20.870000000000001       ,    344.21118283290707       ,    358.00000000000000     
   20.890000000000001       ,    346.38774546345053       ,    361.00000000000000     
   20.969999999999999       ,    359.03206923069723       ,    378.00000000000000     
   20.989999999999998       ,    358.41574354534458       ,    379.00000000000000     
   21.090000000000000       ,    353.00853966021430       ,    374.00000000000000     
   21.270000000000000       ,    339.93565438821952       ,    346.00000000000000     
   21.289999999999999       ,    337.25490972923183       ,    342.00000000000000     
   21.309999999999999       ,    337.46509859912896       ,    341.00000000000000     
   21.370000000000001       ,    340.18391494128934       ,    345.00000000000000     
   21.410000000000000       ,    350.05807357257703       ,    351.00000000000000     
   21.750000000000000       ,    347.81841849309927       ,    362.00000000000000     
   21.829999999999998       ,    345.62617558138385       ,    360.00000000000000     
   21.870000000000001       ,    343.33346686762820       ,    354.00000000000000     
   21.949999999999999       ,    349.73802710448098       ,    361.00000000000000     
   22.010000000000002       ,    343.06494318555787       ,    351.00000000000000     
   22.030000000000001       ,    340.57835148709142       ,    348.00000000000000     
   22.070000000000000       ,    340.59353182836139       ,    350.00000000000000     
   22.109999999999999       ,    342.25385203819849       ,    351.00000000000000     
   22.129999999999999       ,    345.89557502641497       ,    352.00000000000000     
   22.250000000000000       ,    349.90455891806050       ,    367.00000000000000     
   22.350000000000001       ,    351.28027382027858       ,    362.00000000000000     
   22.370000000000001       ,    352.88102686903505       ,    364.00000000000000     
   22.410000000000000       ,    357.76067147060331       ,    371.00000000000000     
   22.510000000000002       ,    350.26614406426063       ,    358.00000000000000     
   22.730000000000000       ,    346.79565995639280       ,    351.00000000000000     
   22.789999999999999       ,    345.22623510456970       ,    354.00000000000000     
   22.870000000000001       ,    346.70472957568870       ,    354.00000000000000     
   22.989999999999998       ,    358.16617805654079       ,    374.00000000000000     
   23.090000000000000       ,    353.82529671643073       ,    367.00000000000000     
   23.129999999999999       ,    350.70194685607754       ,    362.00000000000000     
   23.230000000000000       ,    351.86192908415046       ,    365.00000000000000     
   23.570000000000000       ,    351.30598018924235       ,    350.00000000000000     
   23.590000000000000       ,    349.11739035308909       ,    350.00000000000000     
   23.710000000000001       ,    353.68160069687633       ,    359.00000000000000     
   23.789999999999999       ,    346.70467103071996       ,    347.00000000000000     
   23.809999999999999       ,    346.85420924670268       ,    346.00000000000000     
   23.930000000000000       ,    345.89487973324037       ,    348.00000000000000     
   23.949999999999999       ,    346.45012568331236       ,    351.00000000000000     
   24.050000000000001       ,    350.03563123755981       ,    353.00000000000000     
   24.210000000000001       ,    344.52513718496789       ,    350.00000000000000     
   24.949999999999999       ,    326.84861749486339       ,    352.00000000000000     
   24.969999999999999       ,    325.18883801048850       ,    350.00000000000000     
