 Q (1/Ang),Ge-Ge,Ge-O ,O-O  
   0.46825 ,    -0.251679342793125E+01 ,     0.396240592486940E+00 ,     0.902167435249775E+00 , 
   0.49828 ,    -0.263000645491582E+01 ,    -0.724226764164632E-01 ,    -0.825812073040457E+00 , 
   0.52832 ,    -0.272712473737607E+01 ,    -0.191634945024819E+00 ,    -0.170759599478546E+01 , 
   0.55835 ,    -0.271145122375345E+01 ,     0.239674982593344E-01 ,    -0.142040383891958E+01 , 
   0.58838 ,    -0.258060504528046E+01 ,     0.298208926671066E+00 ,    -0.464655557792330E+00 , 
   0.61841 ,    -0.244032188094584E+01 ,     0.359215647499982E+00 ,     0.265832147913091E+00 , 
   0.64843 ,    -0.241297663945729E+01 ,     0.171581234080212E+00 ,     0.195867088602695E+00 , 
   0.67846 ,    -0.252445999749782E+01 ,    -0.676462411103027E-01 ,    -0.538098469271643E+00 , 
   0.70848 ,    -0.267500903927318E+01 ,    -0.137613293090246E+00 ,    -0.129581204756606E+01 , 
   0.73850 ,    -0.272442623326678E+01 ,     0.317635413855565E-02 ,    -0.150933091620326E+01 , 
   0.76852 ,    -0.261698934604530E+01 ,     0.200456869570954E+00 ,    -0.112376328922645E+01 , 
   0.79854 ,    -0.243256632609481E+01 ,     0.268051626879134E+00 ,    -0.566100803352608E+00 , 
   0.82855 ,    -0.231559856700813E+01 ,     0.163508346456803E+00 ,    -0.327949698616283E+00 , 
   0.85856 ,    -0.234516958173133E+01 ,     0.135803786063087E-01 ,    -0.552833645420040E+00 , 
   0.88857 ,    -0.246508961321163E+01 ,    -0.198407878339513E-01 ,    -0.968331125745945E+00 , 
   0.91857 ,    -0.253939379005753E+01 ,     0.104172655371261E+00 ,    -0.117706313341572E+01 , 
   0.94858 ,    -0.248263668241255E+01 ,     0.273677576076788E+00 ,    -0.101822941303299E+01 , 
   0.97858 ,    -0.234260990470372E+01 ,     0.336980768071910E+00 ,    -0.683006905783078E+00 , 
   1.00857 ,    -0.225464248583547E+01 ,     0.247115944705239E+00 ,    -0.509369687169384E+00 , 
   1.03857 ,    -0.230660501995853E+01 ,     0.103127583657181E+00 ,    -0.664422694362409E+00 , 
   1.06856 ,    -0.244185379027540E+01 ,     0.563073836661464E-01 ,    -0.100165225372454E+01 , 
   1.09855 ,    -0.249836648395787E+01 ,     0.173453505581234E+00 ,    -0.120627023408902E+01 , 
   1.12853 ,    -0.235743944012030E+01 ,     0.381335180636762E+00 ,    -0.108332685751179E+01 , 
   1.15851 ,    -0.206750238513266E+01 ,     0.535615080180473E+00 ,    -0.728287355901786E+00 , 
   1.18849 ,    -0.182110144666419E+01 ,     0.545136045873429E+00 ,    -0.436776642398833E+00 , 
   1.21846 ,    -0.179200142927371E+01 ,     0.440898714272129E+00 ,    -0.443449285167736E+00 , 
   1.24843 ,    -0.197144330796216E+01 ,     0.337817178642965E+00 ,    -0.722405505856837E+00 , 
   1.27840 ,    -0.215495671800027E+01 ,     0.334252245247910E+00 ,    -0.101716820866066E+01 , 
   1.30836 ,    -0.210476885030143E+01 ,     0.440433003708130E+00 ,    -0.106430908395510E+01 , 
   1.33832 ,    -0.175554685845428E+01 ,     0.588652825203605E+00 ,    -0.812904039756258E+00 , 
   1.36827 ,    -0.128451578217472E+01 ,     0.700785272347820E+00 ,    -0.456581133729210E+00 , 
   1.39822 ,    -0.978217529565943E+00 ,     0.745808974504016E+00 ,    -0.262706597082948E+00 , 
   1.42817 ,    -0.100358837109569E+01 ,     0.743589377947767E+00 ,    -0.353200100987265E+00 , 
   1.45811 ,    -0.127609147217922E+01 ,     0.728149021299366E+00 ,    -0.620725012354535E+00 , 
   1.48805 ,    -0.153502035238208E+01 ,     0.715818787028310E+00 ,    -0.837815378064161E+00 , 
   1.51798 ,    -0.155720133530433E+01 ,     0.705715212604547E+00 ,    -0.851926549810700E+00 , 
   1.54791 ,    -0.132345734576510E+01 ,     0.699112940687989E+00 ,    -0.697408096236017E+00 , 
   1.57783 ,    -0.100072120732310E+01 ,     0.706364709351996E+00 ,    -0.540184818811081E+00 , 
   1.60775 ,    -0.771117722358318E+00 ,     0.731054417788975E+00 ,    -0.519380837120924E+00 , 
   1.63766 ,    -0.673868254164812E+00 ,     0.753426282561985E+00 ,    -0.631352171628636E+00 , 
   1.66757 ,    -0.604387111697058E+00 ,     0.740078475989292E+00 ,    -0.751680967858642E+00 , 
   1.69747 ,    -0.459398029578151E+00 ,     0.677312057253792E+00 ,    -0.762581833324906E+00 , 
   1.72737 ,    -0.274136854161190E+00 ,     0.593870102135041E+00 ,    -0.663350201041111E+00 , 
   1.75726 ,    -0.204043313037595E+00 ,     0.542469102997882E+00 ,    -0.565437003348236E+00 , 
   1.78715 ,    -0.356314604376956E+00 ,     0.549671726843300E+00 ,    -0.583186174837627E+00 , 
   1.81703 ,    -0.633496112062211E+00 ,     0.580965253381058E+00 ,    -0.724811111174768E+00 , 
   1.84691 ,    -0.758968596370796E+00 ,     0.561255973687570E+00 ,    -0.883747184067824E+00 , 
   1.87678 ,    -0.494218193476573E+00 ,     0.440867906468053E+00 ,    -0.936332126859619E+00 , 
   1.90664 ,     0.129520270055522E+00 ,     0.249351688748957E+00 ,    -0.855124610719865E+00 , 
   1.93650 ,     0.781254580316314E+00 ,     0.826476239063516E-01 ,    -0.734408852233578E+00 , 
   1.96636 ,     0.105855976529194E+01 ,     0.262333848723837E-01 ,    -0.704806716490882E+00 , 
   1.99620 ,     0.804402564078419E+00 ,     0.779547135289815E-01 ,    -0.813814214699682E+00 , 
   2.02604 ,     0.249580382841046E+00 ,     0.141132340925820E+00 ,    -0.979260115749030E+00 , 
   2.05588 ,    -0.149908181648105E+00 ,     0.100232923320250E+00 ,    -0.105742563633255E+01 , 
   2.08571 ,    -0.587506575656066E-01 ,    -0.824184426002176E-01 ,    -0.965964025453834E+00 , 
   2.11553 ,     0.487428767828223E+00 ,    -0.332594713562514E+00 ,    -0.753995929319778E+00 , 
   2.14535 ,     0.112940451550869E+01 ,    -0.524268285287044E+00 ,    -0.559144890554204E+00 , 
   2.17516 ,     0.148287061839641E+01 ,    -0.583175449423785E+00 ,    -0.490773597977597E+00 , 
   2.20496 ,     0.143432923646300E+01 ,    -0.544327953180668E+00 ,    -0.542104695017696E+00 , 
   2.23476 ,     0.119171402521468E+01 ,    -0.514274407406544E+00 ,    -0.606153822397190E+00 , 
   2.26455 ,     0.106447617530309E+01 ,    -0.573316959574593E+00 ,    -0.577403095394812E+00 , 
   2.29433 ,     0.118001921751790E+01 ,    -0.705983906378118E+00 ,    -0.445957082548236E+00 , 
   2.32410 ,     0.138848679909521E+01 ,    -0.821878209143855E+00 ,    -0.299855350974160E+00 , 
   2.35387 ,     0.143077792735965E+01 ,    -0.846724700966964E+00 ,    -0.235449349076341E+00 , 
   2.38363 ,     0.120598283268560E+01 ,    -0.799042015999965E+00 ,    -0.259650950467167E+00 , 
   2.41339 ,     0.887017927738186E+00 ,    -0.779839431457005E+00 ,    -0.276180932221871E+00 , 
   2.44313 ,     0.773301450268504E+00 ,    -0.881167574868304E+00 ,    -0.172554000344590E+00 , 
   2.47287 ,     0.101006147621436E+01 ,    -0.109431733450473E+01 ,     0.680646719079399E-01 , 
   2.50260 ,     0.142939002156593E+01 ,    -0.130231549619599E+01 ,     0.332976455838663E+00 , 
   2.53233 ,     0.166548746098847E+01 ,    -0.136923455354365E+01 ,     0.462174683038077E+00 , 
   2.56205 ,     0.145544105506030E+01 ,    -0.125338744659494E+01 ,     0.382951638210405E+00 , 
   2.59175 ,     0.869835686236536E+00 ,    -0.104781988079764E+01 ,     0.182738921659717E+00 , 
   2.62145 ,     0.272020627658441E+00 ,    -0.911154210225173E+00 ,     0.528790980630975E-01 , 
   2.65115 ,     0.343524914524274E-01 ,    -0.943925074026335E+00 ,     0.142683085024363E+00 , 
   2.68083 ,     0.245606389044779E+00 ,    -0.111132619549638E+01 ,     0.439934754072021E+00 , 
   2.71051 ,     0.649631314860365E+00 ,    -0.127425553865682E+01 ,     0.775332690038906E+00 , 
   2.74018 ,     0.859246357809861E+00 ,    -0.130080626599660E+01 ,     0.948687244459504E+00 , 
   2.76984 ,     0.661891076853568E+00 ,    -0.116605067835899E+01 ,     0.876591510789008E+00 , 
   2.79949 ,     0.167055344126910E+00 ,    -0.961668710371442E+00 ,     0.645752760811596E+00 , 
   2.82913 ,    -0.310854367080320E+00 ,    -0.814143546406267E+00 ,     0.434763812110718E+00 , 
   2.85876 ,    -0.517452258858385E+00 ,    -0.784103143561426E+00 ,     0.373244409394224E+00 , 
   2.88839 ,    -0.443138632311191E+00 ,    -0.829203282249313E+00 ,     0.453280556133281E+00 , 
   2.91801 ,    -0.286514050557604E+00 ,    -0.854531479057280E+00 ,     0.558594385557051E+00 , 
   2.94761 ,    -0.253098705026098E+00 ,    -0.800609923246192E+00 ,     0.576794382483791E+00 , 
   2.97721 ,    -0.379008319528004E+00 ,    -0.692006431265379E+00 ,     0.494465085203730E+00 , 
   3.00680 ,    -0.528735037112917E+00 ,    -0.608589750961647E+00 ,     0.396525107835941E+00 , 
   3.03638 ,    -0.550178210241740E+00 ,    -0.609464766921763E+00 ,     0.377700326187579E+00 , 
   3.06596 ,    -0.432004412840995E+00 ,    -0.677790299524076E+00 ,     0.449143365058243E+00 , 
   3.09552 ,    -0.317366429059953E+00 ,    -0.733090212942053E+00 ,     0.523833440063477E+00 , 
   3.12507 ,    -0.366815716145772E+00 ,    -0.698274234659062E+00 ,     0.492811667084513E+00 , 
   3.15461 ,    -0.601387983697291E+00 ,    -0.563345668644603E+00 ,     0.324325997306291E+00 , 
   3.18415 ,    -0.871394631381644E+00 ,    -0.393332328316244E+00 ,     0.984824294759923E-01 , 
   3.21367 ,    -0.979902680653372E+00 ,    -0.276386884958510E+00 ,    -0.537194761069904E-01 , 
   3.24318 ,    -0.850986225714746E+00 ,    -0.256604968188380E+00 ,    -0.558233236461406E-01 , 
   3.27269 ,    -0.595225115020131E+00 ,    -0.305312407447321E+00 ,     0.529207453548282E-01 , 
   3.30218 ,    -0.417753883778696E+00 ,    -0.350034143815012E+00 ,     0.151348445339402E+00 , 
   3.33167 ,    -0.451050574003307E+00 ,    -0.333523629474346E+00 ,     0.135846426326097E+00 , 
   3.36114 ,    -0.654927247428502E+00 ,    -0.254592911948290E+00 ,     0.248623951971106E-02 , 
   3.39060 ,    -0.861836182487346E+00 ,    -0.161787611358058E+00 ,    -0.154521493511273E+00 , 
   3.42006 ,    -0.919059429223498E+00 ,    -0.110633883502168E+00 ,    -0.223492876606673E+00 , 
   3.44950 ,    -0.802849542549376E+00 ,    -0.121653490526660E+00 ,    -0.166083629290939E+00 , 
   3.47893 ,    -0.614821071116655E+00 ,    -0.170486179894816E+00 ,    -0.443103433352225E-01 , 
   3.50835 ,    -0.478843354213779E+00 ,    -0.212208906268540E+00 ,     0.343181666478275E-01 , 
   3.53777 ,    -0.438473852675906E+00 ,    -0.215599282638394E+00 ,     0.407401801770340E-02 , 
   3.56717 ,    -0.442208445344018E+00 ,    -0.179951742107561E+00 ,    -0.111837518788319E+00 , 
   3.59656 ,    -0.416164320299856E+00 ,    -0.125900899893844E+00 ,    -0.228920292050451E+00 , 
   3.62593 ,    -0.345258030489970E+00 ,    -0.738102752159489E-01 ,    -0.274817862526673E+00 , 
   3.65530 ,    -0.284005309316371E+00 ,    -0.301661914579703E-01 ,    -0.244431172369658E+00 , 
   3.68466 ,    -0.290906790997920E+00 ,     0.899784626503597E-02 ,    -0.193338805249992E+00 , 
   3.71400 ,    -0.354777168088828E+00 ,     0.456242371762978E-01 ,    -0.181490017601601E+00 , 
   3.74334 ,    -0.388526072277696E+00 ,     0.730374205556821E-01 ,    -0.220172114043659E+00 , 
   3.77266 ,    -0.301419322731515E+00 ,     0.822376893485412E-01 ,    -0.268117013014578E+00 , 
   3.80197 ,    -0.859294609713325E-01 ,     0.741501806430214E-01 ,    -0.276407815570907E+00 , 
   3.83127 ,     0.161042939836484E+00 ,     0.644052664691355E-01 ,    -0.238590756232375E+00 , 
   3.86056 ,     0.306084379332382E+00 ,     0.739604562921087E-01 ,    -0.199487152089202E+00 , 
   3.88983 ,     0.281524886436007E+00 ,     0.112337198017753E+00 ,    -0.214556333819800E+00 , 
   3.91910 ,     0.136965168153841E+00 ,     0.168024760742498E+00 ,    -0.296427339968225E+00 , 
   3.94835 ,    -0.154930792422781E-02 ,     0.215496307895029E+00 ,    -0.397053512821473E+00 , 
   3.97759 ,    -0.285150140635234E-01 ,     0.234459972529444E+00 ,    -0.443036547355980E+00 , 
   4.00682 ,     0.685064518976417E-01 ,     0.226209915802882E+00 ,    -0.395351493638387E+00 , 
   4.03603 ,     0.216199740648214E+00 ,     0.213536425632519E+00 ,    -0.283104614060518E+00 , 
   4.06524 ,     0.328108173094633E+00 ,     0.223589293213889E+00 ,    -0.182392086437439E+00 , 
   4.09443 ,     0.375281863561245E+00 ,     0.266911239911487E+00 ,    -0.157191883722788E+00 , 
   4.12361 ,     0.395779517120718E+00 ,     0.329267039440461E+00 ,    -0.210551535356470E+00 , 
   4.15277 ,     0.441826327224654E+00 ,     0.382947733251963E+00 ,    -0.285147712815327E+00 , 
   4.18193 ,     0.518328592757835E+00 ,     0.408749583404795E+00 ,    -0.311097300771579E+00 , 
   4.21107 ,     0.571033146600107E+00 ,     0.411165081100750E+00 ,    -0.260659392707926E+00 , 
   4.24019 ,     0.535578295186688E+00 ,     0.414513090069128E+00 ,    -0.165671402472526E+00 , 
   4.26931 ,     0.403191416496467E+00 ,     0.442842088198476E+00 ,    -0.861128802669462E-01 , 
   4.29841 ,     0.243256551886850E+00 ,     0.499561014094924E+00 ,    -0.587981177824507E-01 , 
   4.32750 ,     0.159582712790752E+00 ,     0.563352765708467E+00 ,    -0.699322769931232E-01 , 
   4.35658 ,     0.213441920316676E+00 ,     0.604232639329306E+00 ,    -0.729609586509182E-01 , 
   4.38564 ,     0.374675750755086E+00 ,     0.607439220833243E+00 ,    -0.338868541103275E-01 , 
   4.41469 ,     0.539977285151592E+00 ,     0.586047082078880E+00 ,     0.364621539377426E-01 , 
   4.44372 ,     0.604596926167721E+00 ,     0.571528673590799E+00 ,     0.913147689488231E-01 , 
   4.47275 ,     0.533454998695441E+00 ,     0.588823349903574E+00 ,     0.900331226782084E-01 , 
   4.50175 ,     0.380515296740855E+00 ,     0.635253030369922E+00 ,     0.367433495402311E-01 , 
   4.53075 ,     0.246069063236497E+00 ,     0.680459449706227E+00 ,    -0.183231187766689E-01 , 
   4.55973 ,     0.206603184794649E+00 ,     0.688574904958315E+00 ,    -0.171088036938446E-01 , 
   4.58870 ,     0.267686128543825E+00 ,     0.646258620272719E+00 ,     0.594983582335422E-01 , 
   4.61765 ,     0.368744659045112E+00 ,     0.574921032665904E+00 ,     0.174946482169997E+00 , 
   4.64659 ,     0.429836427995480E+00 ,     0.517011030949631E+00 ,     0.264332047625852E+00 , 
   4.67551 ,     0.404087322416407E+00 ,     0.506028509656559E+00 ,     0.283793188248501E+00 , 
   4.70442 ,     0.301525995203055E+00 ,     0.542607925448731E+00 ,     0.242413233221577E+00 , 
   4.73332 ,     0.174240407366111E+00 ,     0.594575167284360E+00 ,     0.191866735185883E+00 , 
   4.76220 ,     0.789177049048123E-01 ,     0.620641547501017E+00 ,     0.183562396673022E+00 , 
   4.79107 ,     0.436038107666542E-01 ,     0.599564228940806E+00 ,     0.228742870637947E+00 , 
   4.81992 ,     0.574697753361308E-01 ,     0.543040871656157E+00 ,     0.293228895495111E+00 , 
   4.84876 ,     0.847802730484919E-01 ,     0.483841524379456E+00 ,     0.329156324264012E+00 , 
   4.87758 ,     0.899395105422039E-01 ,     0.449941526453216E+00 ,     0.315830864421988E+00 , 
   4.90639 ,     0.569872719126525E-01 ,     0.445379326669583E+00 ,     0.275467802389573E+00 , 
   4.93519 ,    -0.634568493609147E-02 ,     0.451707144233359E+00 ,     0.251645525043245E+00 , 
   4.96396 ,    -0.789453427651075E-01 ,     0.446450825713498E+00 ,     0.269868865613109E+00 , 
   4.99273 ,    -0.141589265656589E+00 ,     0.421570048272529E+00 ,     0.314363014424341E+00 , 
   5.02147 ,    -0.186420852144298E+00 ,     0.386374054800868E+00 ,     0.341131678969364E+00 , 
   5.05021 ,    -0.215531056505893E+00 ,     0.353891046275871E+00 ,     0.316454484747698E+00 , 
   5.07893 ,    -0.232269807958777E+00 ,     0.324540651258103E+00 ,     0.248190909708841E+00 , 
   5.10763 ,    -0.234533334139485E+00 ,     0.283264690025513E+00 ,     0.182694580813538E+00 , 
   5.13631 ,    -0.217334696328621E+00 ,     0.214011782782098E+00 ,     0.168451852000168E+00 , 
   5.16498 ,    -0.183331764688635E+00 ,     0.119229795321910E+00 ,     0.215480432755616E+00 , 
   5.19364 ,    -0.151284105911728E+00 ,     0.260575862944440E-01 ,     0.284007189432339E+00 , 
   5.22228 ,    -0.151559907396693E+00 ,    -0.290134531960032E-01 ,     0.312996398902019E+00 , 
   5.25090 ,    -0.207269255190077E+00 ,    -0.270182671476920E-01 ,     0.267062016060581E+00 , 
   5.27951 ,    -0.312940925861748E+00 ,     0.161703721639345E-01 ,     0.164999371059490E+00 , 
   5.30810 ,    -0.428559897177027E+00 ,     0.573274964321782E-01 ,     0.670770405816466E-01 , 
   5.33668 ,    -0.498289203097586E+00 ,     0.544774555722381E-01 ,     0.304192189145651E-01 , 
   5.36523 ,    -0.484820966534729E+00 ,    -0.405939868387295E-02 ,     0.667695533550422E-01 , 
   5.39378 ,    -0.396017079344363E+00 ,    -0.920299242210688E-01 ,     0.134956477450048E+00 , 
   5.42230 ,    -0.283003365026123E+00 ,    -0.164859422700330E+00 ,     0.173200862705259E+00 , 
   5.45081 ,    -0.208395987936903E+00 ,    -0.191579720956524E+00 ,     0.145605818317794E+00 , 
   5.47930 ,    -0.205869108554259E+00 ,    -0.175002557046847E+00 ,     0.669040957424439E-01 , 
   5.50778 ,    -0.259924855070397E+00 ,    -0.145705247806254E+00 ,    -0.125504340366131E-01 , 
   5.53624 ,    -0.320369356490278E+00 ,    -0.136007062238534E+00 ,    -0.481028550381806E-01 , 
   5.56468 ,    -0.340000985968414E+00 ,    -0.155275045848357E+00 ,    -0.349529544001250E-01 , 
   5.59311 ,    -0.306692047276208E+00 ,    -0.185780015612352E+00 ,    -0.851912112122363E-02 , 
   5.62152 ,    -0.246321179775012E+00 ,    -0.201075438299462E+00 ,    -0.120632509561826E-01 , 
   5.64991 ,    -0.196721777596526E+00 ,    -0.190656610699990E+00 ,    -0.587937915612027E-01 , 
   5.67828 ,    -0.175700387160465E+00 ,    -0.170089383161013E+00 ,    -0.119609609631890E+00 , 
   5.70664 ,    -0.169626454238137E+00 ,    -0.168224991488754E+00 ,    -0.146615441764183E+00 , 
   5.73498 ,    -0.150601461960595E+00 ,    -0.202162062980057E+00 ,    -0.113568021413291E+00 , 
   5.76330 ,    -0.105579582186080E+00 ,    -0.260769636542564E+00 ,    -0.405733312375239E-01 , 
   5.79161 ,    -0.509090677798009E-01 ,    -0.310747856954346E+00 ,     0.174947368446646E-01 , 
   5.81989 ,    -0.189153280646562E-01 ,    -0.321047496250135E+00 ,     0.109452363654319E-01 , 
   5.84816 ,    -0.280007629717451E-01 ,    -0.286657142671596E+00 ,    -0.666922564534209E-01 , 
   5.87641 ,    -0.628384651441582E-01 ,    -0.233089865299114E+00 ,    -0.171753256609382E+00 , 
   5.90465 ,    -0.833152802107631E-01 ,    -0.197954810758012E+00 ,    -0.240340245908626E+00 , 
   5.93286 ,    -0.563324544604294E-01 ,    -0.203742630470585E+00 ,    -0.233040379731006E+00 , 
   5.96106 ,     0.157380219848460E-01 ,    -0.242465339777396E+00 ,    -0.161701803525501E+00 , 
   5.98924 ,     0.945460060470438E-01 ,    -0.283259057894610E+00 ,    -0.794223698785537E-01 , 
   6.01740 ,     0.135024404160508E+00 ,    -0.296300610822598E+00 ,    -0.423321387728227E-01 , 
   6.04554 ,     0.121120697770702E+00 ,    -0.274366541785791E+00 ,    -0.717574733530260E-01 , 
   6.07367 ,     0.785359731041066E-01 ,    -0.236099657928031E+00 ,    -0.143424858885607E+00 , 
   6.10177 ,     0.534901115029948E-01 ,    -0.209800854682051E+00 ,    -0.209074141768264E+00 , 
   6.12986 ,     0.746512053536627E-01 ,    -0.211422511831563E+00 ,    -0.232105379671294E+00 , 
   6.15793 ,     0.129709098079614E+00 ,    -0.233959103110980E+00 ,    -0.210422398946505E+00 , 
   6.18598 ,     0.176359993121797E+00 ,    -0.255493801525577E+00 ,    -0.171626515658939E+00 , 
   6.21401 ,     0.179021670226222E+00 ,    -0.258193571057762E+00 ,    -0.147616156995994E+00 , 
   6.24202 ,     0.140854911187616E+00 ,    -0.242470289912394E+00 ,    -0.150201516795597E+00 , 
   6.27001 ,     0.103845349495415E+00 ,    -0.225299761117658E+00 ,    -0.166133404894024E+00 , 
   6.29799 ,     0.115609122953851E+00 ,    -0.224927161751622E+00 ,    -0.172907085670024E+00 , 
   6.32594 ,     0.189205494548790E+00 ,    -0.245047001565679E+00 ,    -0.160143412476658E+00 , 
   6.35388 ,     0.288860014425901E+00 ,    -0.271510414175152E+00 ,    -0.138211506740736E+00 , 
   6.38179 ,     0.354354235187899E+00 ,    -0.284089273391451E+00 ,    -0.127615397491171E+00 , 
   6.40969 ,     0.345929905042694E+00 ,    -0.273506381542520E+00 ,    -0.139142067513751E+00 , 
   6.43757 ,     0.274752492741861E+00 ,    -0.249692951245519E+00 ,    -0.162321482938688E+00 , 
   6.46542 ,     0.194890845907622E+00 ,    -0.234310685082292E+00 ,    -0.172548140481344E+00 , 
   6.49326 ,     0.162791668527358E+00 ,    -0.243224161877498E+00 ,    -0.151474180047605E+00 , 
   6.52108 ,     0.195527774814323E+00 ,    -0.272779025378674E+00 ,    -0.103946592864540E+00 , 
   6.54888 ,     0.259757512652995E+00 ,    -0.301012674328932E+00 ,    -0.570266173632247E-01 , 
   6.57666 ,     0.299125936409111E+00 ,    -0.303436264875218E+00 ,    -0.407236217066808E-01 , 
   6.60441 ,     0.278110694112862E+00 ,    -0.271689472623531E+00 ,    -0.648110329584600E-01 , 
   6.63215 ,     0.208339412320111E+00 ,    -0.220908403515084E+00 ,    -0.109781343814646E+00 , 
   6.65987 ,     0.137991421014031E+00 ,    -0.179936522066546E+00 ,    -0.139610444599346E+00 , 
   6.68757 ,     0.113887120190770E+00 ,    -0.171254429154798E+00 ,    -0.127458846604823E+00 , 
   6.71525 ,     0.146311828436872E+00 ,    -0.195132443553252E+00 ,    -0.754133812521793E-01 , 
   6.74290 ,     0.203079871391521E+00 ,    -0.229405806986566E+00 ,    -0.135378090275837E-01 , 
   6.77054 ,     0.235644195851213E+00 ,    -0.244879957823492E+00 ,     0.212737396339279E-01 , 
   6.79815 ,     0.215488470070627E+00 ,    -0.225189981479144E+00 ,     0.112961870143893E-01 , 
   6.82575 ,     0.152623639326521E+00 ,    -0.177089064412985E+00 ,    -0.299607654634838E-01 , 
   6.85332 ,     0.836821862223425E-01 ,    -0.124431657070140E+00 ,    -0.680448317326353E-01 , 
   6.88088 ,     0.413939485966243E-01 ,    -0.909293766707693E-01 ,    -0.723171745510852E-01 , 
   6.90841 ,     0.307009585686105E-01 ,    -0.844123094630150E-01 ,    -0.370625265880352E-01 , 
   6.93592 ,     0.295612328778177E-01 ,    -0.935112746187230E-01 ,     0.159826097472691E-01 , 
   6.96341 ,     0.115472766072344E-01 ,    -0.981508257918822E-01 ,     0.547468597241944E-01 , 
   6.99088 ,    -0.299407246290485E-01 ,    -0.852582524619412E-01 ,     0.604701716894309E-01 , 
   7.01833 ,    -0.760906055068592E-01 ,    -0.578840455244907E-01 ,     0.405492507183269E-01 , 
   7.04575 ,    -0.996332514565217E-01 ,    -0.314682681590351E-01 ,     0.216969300690302E-01 , 
   7.07316 ,    -0.894045541638443E-01 ,    -0.208029841113973E-01 ,     0.290808993512173E-01 , 
   7.10054 ,    -0.615559329113654E-01 ,    -0.279622478463114E-01 ,     0.670553209137807E-01 , 
   7.12790 ,    -0.477383448646220E-01 ,    -0.403203106827937E-01 ,     0.115464437379375E+00 , 
   7.15524 ,    -0.696415354010238E-01 ,    -0.399348983047225E-01 ,     0.143891940316215E+00 , 
   7.18256 ,    -0.120582077765253E+00 ,    -0.170589920291037E-01 ,     0.133333490103895E+00 , 
   7.20985 ,    -0.169404572900217E+00 ,     0.223603722287298E-01 ,     0.898123965322696E-01 , 
   7.23713 ,    -0.184272171173110E+00 ,     0.606890035806164E-01 ,     0.406170487585021E-01 , 
   7.26438 ,    -0.158075416742389E+00 ,     0.810516968925300E-01 ,     0.162713293185620E-01 , 
   7.29161 ,    -0.115619831821838E+00 ,     0.790570519926756E-01 ,     0.310300251585125E-01 , 
   7.31882 ,    -0.965811549989916E-01 ,     0.653818083340156E-01 ,     0.750090533375577E-01 , 
   7.34600 ,    -0.126644753472733E+00 ,     0.576269868483694E-01 ,     0.122343617265433E+00 , 
   7.37317 ,    -0.198161215562594E+00 ,     0.676313783142030E-01 ,     0.148643544271100E+00 , 
   7.40031 ,    -0.274490106489191E+00 ,     0.934767761170339E-01 ,     0.145359675903353E+00 , 
   7.42743 ,    -0.314690314057220E+00 ,     0.121690426609926E+00 ,     0.121993189393714E+00 , 
   7.45452 ,    -0.300621610924822E+00 ,     0.137576067412212E+00 ,     0.963329387318980E-01 , 
   7.48159 ,    -0.247457258373619E+00 ,     0.135814221632620E+00 ,     0.811127021370343E-01 , 
   7.50864 ,    -0.191255145972317E+00 ,     0.123613942928308E+00 ,     0.769411106167613E-01 , 
   7.53567 ,    -0.163728024463216E+00 ,     0.114468305248250E+00 ,     0.756223098425744E-01 , 
   7.56268 ,    -0.172570734455472E+00 ,     0.117562148505015E+00 ,     0.698120526280296E-01 , 
   7.58966 ,    -0.200279023573854E+00 ,     0.130930454905069E+00 ,     0.605265818556868E-01 , 
   7.61661 ,    -0.220211494661968E+00 ,     0.143428820872059E+00 ,     0.563715584741992E-01 , 
   7.64355 ,    -0.216580306310151E+00 ,     0.143840127431312E+00 ,     0.653269228076678E-01 , 
   7.67046 ,    -0.193633852290579E+00 ,     0.130068806375805E+00 ,     0.860111672174255E-01 , 
   7.69735 ,    -0.168657852903136E+00 ,     0.111339276877963E+00 ,     0.105919929016933E+00 , 
   7.72421 ,    -0.155858692047567E+00 ,     0.101595502299917E+00 ,     0.108822634432903E+00 , 
   7.75105 ,    -0.154360392597328E+00 ,     0.108942868341931E+00 ,     0.863654986064434E-01 , 
   7.77787 ,    -0.149405656540501E+00 ,     0.129045052499863E+00 ,     0.453590752617017E-01 , 
   7.80467 ,    -0.125210370838267E+00 ,     0.147597859406162E+00 ,     0.494951098463644E-02 , 
   7.83144 ,    -0.790727197572620E-01 ,     0.150372565000161E+00 ,    -0.150252756953676E-01 , 
   7.85818 ,    -0.256962678563260E-01 ,     0.133695737171858E+00 ,    -0.682502189829151E-02 , 
   7.88490 ,     0.117345920511937E-01 ,     0.107734862175080E+00 ,     0.199686465031819E-01 , 
   7.91160 ,     0.173357145229383E-01 ,     0.899973478161998E-01 ,     0.444433917859646E-01 , 
   7.93828 ,    -0.613299775089062E-02 ,     0.934249333096237E-01 ,     0.476078956965394E-01 , 
   7.96493 ,    -0.383473861287090E-01 ,     0.117373417710101E+00 ,     0.241123505916041E-01 , 
   7.99155 ,    -0.541232067519987E-01 ,     0.147804245950848E+00 ,    -0.151267557361763E-01 , 
   8.01815 ,    -0.390644633632659E-01 ,     0.166574861288615E+00 ,    -0.506594941608931E-01 , 
   8.04473 ,     0.216106480221408E-02 ,     0.163374610990799E+00 ,    -0.669528236049085E-01 , 
   8.07128 ,     0.499092695231146E-01 ,     0.142087661412908E+00 ,    -0.611567961939404E-01 , 
   8.09781 ,     0.827198932790370E-01 ,     0.117370799513965E+00 ,    -0.428588077215178E-01 , 
   8.12431 ,     0.906721110214889E-01 ,     0.104118164247654E+00 ,    -0.259869081330960E-01 , 
   8.15079 ,     0.805672484330685E-01 ,     0.107361630403392E+00 ,    -0.192453101645832E-01 , 
   8.17725 ,     0.703327236604921E-01 ,     0.119629923308652E+00 ,    -0.218527613170031E-01 , 
   8.20368 ,     0.769466424205039E-01 ,     0.127333080647571E+00 ,    -0.269213960396507E-01 , 
   8.23008 ,     0.105816322107964E+00 ,     0.121295505194001E+00 ,    -0.290018111503287E-01 , 
   8.25646 ,     0.147986732918657E+00 ,     0.103706388138124E+00 ,    -0.294147086055070E-01 , 
   8.28281 ,     0.186273542936190E+00 ,     0.864576717546557E-01 ,    -0.350142000873987E-01 , 
   8.30914 ,     0.205962705196350E+00 ,     0.821062564063199E-01 ,    -0.513459103306198E-01 , 
   8.33544 ,     0.203350978188886E+00 ,     0.940415052788070E-01 ,    -0.757424658288104E-01 , 
   8.36172 ,     0.187203760221645E+00 ,     0.113072666116635E+00 ,    -0.962820286387789E-01 , 
   8.38797 ,     0.172734347000689E+00 ,     0.123140522850292E+00 ,    -0.983554780967362E-01 , 
   8.41420 ,     0.172115350484399E+00 ,     0.112391803968184E+00 ,    -0.748367812077891E-01 , 
   8.44040 ,     0.187316373109719E+00 ,     0.819739518678862E-01 ,    -0.327291721769294E-01 , 
   8.46657 ,     0.209400087501197E+00 ,     0.463252991618296E-01 ,     0.894277071153482E-02 , 
   8.49272 ,     0.224448543097129E+00 ,     0.244750608713718E-01 ,     0.294624803742444E-01 , 
   8.51885 ,     0.222381856862926E+00 ,     0.279800267062663E-01 ,     0.187380356664878E-01 , 
   8.54494 ,     0.203294306667009E+00 ,     0.534407192778336E-01 ,    -0.162985181214751E-01 , 
   8.57102 ,     0.177466649346895E+00 ,     0.845196587575501E-01 ,    -0.555056360659959E-01 , 
   8.59706 ,     0.159017581782722E+00 ,     0.102116941959919E+00 ,    -0.773228327821901E-01 , 
   8.62308 ,     0.157019025442375E+00 ,     0.960724011070054E-01 ,    -0.711863131974766E-01 , 
   8.64907 ,     0.169522055986744E+00 ,     0.709336167091773E-01 ,    -0.429073166375727E-01 , 
   8.67504 ,     0.184279530505278E+00 ,     0.423738954563381E-01 ,    -0.998618258623633E-02 , 
   8.70098 ,     0.185907873346524E+00 ,     0.269489605450767E-01 ,     0.971978828477043E-02 , 
   8.72689 ,     0.165213561372458E+00 ,     0.319832328407793E-01 ,     0.855421495091983E-02 , 
   8.75278 ,     0.124935290071970E+00 ,     0.519032869738103E-01 ,    -0.762785971632625E-02 , 
   8.77864 ,     0.782591387143195E-01 ,     0.728326232256195E-01 ,    -0.248183384454172E-01 , 
   8.80448 ,     0.409527210925139E-01 ,     0.818791866529739E-01 ,    -0.306582870886060E-01 , 
   8.83028 ,     0.220380032969708E-01 ,     0.748322067071566E-01 ,    -0.219482480627173E-01 , 
   8.85606 ,     0.189215970490381E-01 ,     0.575278337756062E-01 ,    -0.521720651490906E-02 , 
   8.88182 ,     0.200668658788941E-01 ,     0.406462394740623E-01 ,     0.928857266453761E-02 , 
   8.90754 ,     0.133697456924286E-01 ,     0.320109970480719E-01 ,     0.154326472795468E-01 , 
   8.93324 ,    -0.540376847851704E-02 ,     0.317561464287649E-01 ,     0.151996086644283E-01 , 
   8.95891 ,    -0.298657662107906E-01 ,     0.333640431733225E-01 ,     0.163080751705079E-01 , 
   8.98456 ,    -0.479085746989716E-01 ,     0.293767633414378E-01 ,     0.255124037936240E-01 , 
   9.01017 ,    -0.510007250563975E-01 ,     0.174671233893818E-01 ,     0.426766943360718E-01 , 
   9.03576 ,    -0.414451054535256E-01 ,     0.254177416094249E-02 ,     0.600246953558878E-01 , 
   9.06133 ,    -0.322906678015245E-01 ,    -0.652850491215967E-02 ,     0.672089430269615E-01 , 
   9.08686 ,    -0.394066285028684E-01 ,    -0.320964231359309E-02 ,     0.586917858674090E-01 , 
   9.11237 ,    -0.706097691068603E-01 ,     0.117301419997462E-01 ,     0.382656390586756E-01 , 
   9.13785 ,    -0.119055950473760E+00 ,     0.299876908194885E-01 ,     0.174587975264989E-01 , 
   9.16330 ,    -0.165680117930216E+00 ,     0.404297615075299E-01 ,     0.870881297944167E-02 , 
   9.18872 ,    -0.189739534027405E+00 ,     0.357128068921172E-01 ,     0.177033061046340E-01 , 
   9.21411 ,    -0.181172510202233E+00 ,     0.166341335916910E-01 ,     0.398390324184785E-01 , 
   9.23948 ,    -0.147056039899654E+00 ,    -0.841395202838212E-02 ,     0.630290223333293E-01 , 
   9.26482 ,    -0.107953691744916E+00 ,    -0.283770722802849E-01 ,     0.749709587663644E-01 , 
   9.29013 ,    -0.862022730676292E-01 ,    -0.357021421416305E-01 ,     0.702151118532347E-01 , 
   9.31541 ,    -0.932016067103487E-01 ,    -0.300459958405402E-01 ,     0.526950905939629E-01 , 
   9.34067 ,    -0.123349973069318E+00 ,    -0.176082359888651E-01 ,     0.324693077586887E-01 , 
   9.36589 ,    -0.158076740153644E+00 ,    -0.694548827412442E-02 ,     0.191399645809881E-01 , 
   9.39109 ,    -0.177182599202083E+00 ,    -0.411019720718279E-02 ,     0.163326653076314E-01 , 
   9.41626 ,    -0.170377586877514E+00 ,    -0.100023261208781E-01 ,     0.205953735066195E-01 , 
   9.44140 ,    -0.142153554894916E+00 ,    -0.211029596423615E-01 ,     0.249512202091425E-01 , 
   9.46651 ,    -0.107602664436790E+00 ,    -0.325411232747602E-01 ,     0.242832202817908E-01 , 
   9.49159 ,    -0.824897671616915E-01 ,    -0.411778962738235E-01 ,     0.187435246053128E-01 , 
   9.51665 ,    -0.741556383824344E-01 ,    -0.467656361935016E-01 ,     0.129959052263858E-01 , 
   9.54167 ,    -0.787463470991159E-01 ,    -0.508193459374608E-01 ,     0.121000456768287E-01 , 
   9.56667 ,    -0.857895309711070E-01 ,    -0.544507146570260E-01 ,     0.171524265383494E-01 , 
   9.59163 ,    -0.863531887684135E-01 ,    -0.569864501449155E-01 ,     0.238868796102886E-01 , 
   9.61657 ,    -0.790336393098957E-01 ,    -0.564346271398412E-01 ,     0.253225294030957E-01 , 
   9.64148 ,    -0.699407702227536E-01 ,    -0.514016543606134E-01 ,     0.167115425828121E-01 , 
   9.66635 ,    -0.671788215808357E-01 ,    -0.429523213053357E-01 ,    -0.595280460383238E-03 , 
   9.69120 ,    -0.740565439122699E-01 ,    -0.349003472820728E-01 ,    -0.191022449342679E-01 , 
   9.71602 ,    -0.859424903089378E-01 ,    -0.320889332841777E-01 ,    -0.292021165134576E-01 , 
   9.74081 ,    -0.929893681700190E-01 ,    -0.376198179450035E-01 ,    -0.248788003888138E-01 , 
   9.76557 ,    -0.868234999110144E-01 ,    -0.507700591025974E-01 ,    -0.753979656488667E-02 , 
   9.79030 ,    -0.665548125142407E-01 ,    -0.669833298696807E-01 ,     0.144378518289216E-01 , 
   9.81500 ,    -0.399175337356758E-01 ,    -0.800689948126509E-01 ,     0.302278801819248E-01 , 
   9.83967 ,    -0.186337304644322E-01 ,    -0.853907103571383E-01 ,     0.324494313242822E-01 , 
   9.86431 ,    -0.109670465603664E-01 ,    -0.822218993253361E-01 ,     0.209668499738521E-01 , 
   9.88892 ,    -0.163265654869440E-01 ,    -0.739454413546666E-01 ,     0.247223497291059E-02 , 
   9.91350 ,    -0.254705099358823E-01 ,    -0.660479826355733E-01 ,    -0.136972826362890E-01 , 
   9.93806 ,    -0.262423972749015E-01 ,    -0.631188017191467E-01 ,    -0.208665177803879E-01 , 
   9.96258 ,    -0.112229075395648E-01 ,    -0.665656498464422E-01 ,    -0.183138981830929E-01 , 
   9.98706 ,     0.175207028012937E-01 ,    -0.742489871467197E-01 ,    -0.108125880836514E-01 , 
  10.01152 ,     0.495355342527734E-01 ,    -0.820673877402327E-01 ,    -0.503870148431368E-02 , 
  10.03595 ,     0.721899770899714E-01 ,    -0.864210040203429E-01 ,    -0.528863834174787E-02 , 
  10.06035 ,     0.780960579986999E-01 ,    -0.860742706780447E-01 ,    -0.111716202594260E-01 , 
  10.08472 ,     0.692085228680783E-01 ,    -0.824193474324466E-01 ,    -0.185291466665232E-01 , 
  10.10905 ,     0.552349468677067E-01 ,    -0.781643357372518E-01 ,    -0.227405319890763E-01 , 
  10.13336 ,     0.475387118972136E-01 ,    -0.753986255614780E-01 ,    -0.221221218310288E-01 , 
  10.15764 ,     0.523973542144720E-01 ,    -0.742837391062979E-01 ,    -0.191753874057959E-01 , 
  10.18188 ,     0.676837358918247E-01 ,    -0.731486666084171E-01 ,    -0.188878046930867E-01 , 
  10.20609 ,     0.847581046254791E-01 ,    -0.698571253274683E-01 ,    -0.251942324715973E-01 , 
  10.23027 ,     0.941144768087927E-01 ,    -0.635243323945541E-01 ,    -0.378827704832803E-01 , 
  10.25443 ,     0.911474049100203E-01 ,    -0.554569969545598E-01 ,    -0.519788545852192E-01 , 
  10.27855 ,     0.785631045993132E-01 ,    -0.486738957241172E-01 ,    -0.601450213309490E-01 , 
  10.30263 ,     0.642188193565894E-01 ,    -0.462331122300255E-01 ,    -0.568075346724533E-01 , 
  10.32669 ,     0.560301772967431E-01 ,    -0.493292022033395E-01 ,    -0.416493835152640E-01 , 
  10.35072 ,     0.572573157981375E-01 ,    -0.563002620597232E-01 ,    -0.204077610453099E-01 , 
  10.37471 ,     0.650192277413863E-01 ,    -0.631996034658801E-01 ,    -0.239463480424334E-02 , 
  10.39867 ,     0.727087701242697E-01 ,    -0.657137833631236E-01 ,     0.403138565781669E-02 , 
  10.42260 ,     0.745310422309883E-01 ,    -0.614374673891011E-01 ,    -0.431449938675975E-02 , 
  10.44650 ,     0.691879670678096E-01 ,    -0.512766043018396E-01 ,    -0.237323147626415E-01 , 
  10.47037 ,     0.604455975714875E-01 ,    -0.391817642447320E-01 ,    -0.453175579079678E-01 , 
  10.49420 ,     0.543965907278590E-01 ,    -0.302859283519925E-01 ,    -0.591647127919857E-01 , 
  10.51801 ,     0.553109501473315E-01 ,    -0.283696688885234E-01 ,    -0.589754001030885E-01 , 
  10.54178 ,     0.627679853972485E-01 ,    -0.339481659332232E-01 ,    -0.448221758335262E-01 , 
  10.56552 ,     0.718514613120783E-01 ,    -0.439689762845842E-01 ,    -0.228193441940793E-01 , 
  10.58922 ,     0.762106896359021E-01 ,    -0.532849682751683E-01 ,    -0.201803848101473E-02 , 
  10.61290 ,     0.720093189468130E-01 ,    -0.571545796838590E-01 ,     0.983877296872319E-02 , 
  10.63654 ,     0.602871776393510E-01 ,    -0.534982843234913E-01 ,     0.962842375029654E-02 , 
  10.66015 ,     0.463027652532952E-01 ,    -0.437777939727682E-01 ,    -0.248929280089977E-03 , 
  10.68373 ,     0.363118663389060E-01 ,    -0.320880964737583E-01 ,    -0.135907636706942E-01 , 
  10.70727 ,     0.337938268315463E-01 ,    -0.229801919328734E-01 ,    -0.236818025093392E-01 , 
  10.73079 ,     0.374304523765923E-01 ,    -0.191770288912487E-01 ,    -0.264412478197453E-01 , 
  10.75427 ,     0.420368292473676E-01 ,    -0.203705906781740E-01 ,    -0.219379019380738E-01 , 
  10.77771 ,     0.418442054125694E-01 ,    -0.236868332438111E-01 ,    -0.137086405561719E-01 , 
  10.80113 ,     0.341352546474404E-01 ,    -0.255021177920016E-01 ,    -0.644152962230974E-02 , 
  10.82451 ,     0.210494480275041E-01 ,    -0.235745075994725E-01 ,    -0.334790421980963E-02 , 
  10.84786 ,     0.848416452424046E-02 ,    -0.183015488954854E-01 ,    -0.459898047526352E-02 , 
  10.87117 ,     0.273207317731780E-02 ,    -0.124127419120885E-01 ,    -0.756168863134306E-02 , 
  10.89445 ,     0.680519998943780E-02 ,    -0.927949929190392E-02 ,    -0.859265346553401E-02 , 
  10.91770 ,     0.185581426582748E-01 ,    -0.108015025404002E-01 ,    -0.534306158023424E-02 , 
  10.94092 ,     0.316777274520407E-01 ,    -0.160799322644155E-01 ,     0.170978140112745E-02 , 
  10.96410 ,     0.389820101310639E-01 ,    -0.216711835524770E-01 ,     0.935298578543310E-02 , 
  10.98725 ,     0.361976512304990E-01 ,    -0.233489355087361E-01 ,     0.133276411384888E-01 , 
  11.01036 ,     0.241575831858792E-01 ,    -0.184556766994615E-01 ,     0.107374579836446E-01 , 
  11.03344 ,     0.826731352458954E-02 ,    -0.756174770126054E-02 ,     0.189418642743222E-02 , 
  11.05649 ,    -0.441145578494920E-02 ,     0.552053412151353E-02 ,    -0.942217541774153E-02 , 
  11.07951 ,    -0.885414351868798E-02 ,     0.154621931602741E-01 ,    -0.175150280787237E-01 , 
  11.10249 ,    -0.458716724860417E-02 ,     0.180438501261410E-01 ,    -0.174313854271558E-01 , 
  11.12543 ,     0.423635815907640E-02 ,     0.123373459099282E-01 ,    -0.743578178469746E-02 , 
  11.14835 ,     0.111353027116109E-01 ,     0.129531773701637E-02 ,     0.994366875175185E-02 , 
  11.17123 ,     0.106895418853523E-01 ,    -0.959042563793537E-02 ,     0.288575729608244E-01 , 
  11.19407 ,     0.124469596871498E-02 ,    -0.149041131716163E-01 ,     0.426537283057421E-01 , 
  11.21688 ,    -0.143963221250103E-01 ,    -0.118766610605569E-01 ,     0.467824819412742E-01 , 
  11.23966 ,    -0.305319416724277E-01 ,    -0.161781875925451E-02 ,     0.407099918627631E-01 , 
  11.26240 ,    -0.414685044193842E-01 ,     0.115885334023702E-01 ,     0.279538539629230E-01 , 
  11.28511 ,    -0.442626920782638E-01 ,     0.225247711493649E-01 ,     0.142816817239875E-01 , 
  11.30778 ,    -0.399713315647490E-01 ,     0.276363893849910E-01 ,     0.500282198269070E-02 , 
  11.33042 ,    -0.329029954886094E-01 ,     0.266536043658792E-01 ,     0.268937097041956E-02 , 
  11.35303 ,    -0.283706361459584E-01 ,     0.224489980061579E-01 ,     0.638971828107145E-02 , 
  11.37560 ,    -0.301256200947397E-01 ,     0.192838114556100E-01 ,     0.126012924179700E-01 , 
  11.39813 ,    -0.387101449567338E-01 ,     0.204323772643541E-01 ,     0.173709787621519E-01 , 
  11.42064 ,    -0.514270942132670E-01 ,     0.264675633087384E-01 ,     0.183577985768704E-01 , 
  11.44310 ,    -0.638060720973387E-01 ,     0.350962096508070E-01 ,     0.157887362094092E-01 , 
  11.46553 ,    -0.717566093559127E-01 ,     0.425756530563710E-01 ,     0.118940425003158E-01 , 
  11.48793 ,    -0.733539718337264E-01 ,     0.458867960278574E-01 ,     0.925740203221195E-02 , 
  11.51029 ,    -0.694699441108353E-01 ,     0.444436632055367E-01 ,     0.909729842447699E-02 , 
  11.53262 ,    -0.630655158096469E-01 ,     0.403900847755152E-01 ,     0.104987449218240E-01 , 
  11.55491 ,    -0.575931039789849E-01 ,     0.373187787269812E-01 ,     0.110461730364635E-01 , 
  11.57716 ,    -0.553227509141409E-01 ,     0.381208745358501E-01 ,     0.848693300404555E-02 , 
  11.59938 ,    -0.563697789423117E-01 ,     0.431643542950426E-01 ,     0.243719551644801E-02 , 
  11.62157 ,    -0.588164758014011E-01 ,     0.498429974486748E-01 ,    -0.492441901092562E-02 , 
  11.64372 ,    -0.597922367206185E-01 ,     0.538131017388377E-01 ,    -0.969648612333291E-02 , 
  11.66583 ,    -0.569526052753128E-01 ,     0.513249169082912E-01 ,    -0.829435361215402E-02 , 
  11.68791 ,    -0.496559410362177E-01 ,     0.414408610608710E-01 ,     0.357363648377818E-03 , 
  11.70996 ,    -0.393162730246386E-01 ,     0.269422449300188E-01 ,     0.137017233011333E-01 , 
  11.73196 ,    -0.288093449529632E-01 ,     0.133653500391698E-01 ,     0.262359538236597E-01 , 
  11.75394 ,    -0.212371008018336E-01 ,     0.655447501809797E-02 ,     0.318367243031647E-01 , 
  11.77587 ,    -0.186257434963861E-01 ,     0.989135351456346E-02 ,     0.266775528701633E-01 , 
  11.79777 ,    -0.211355610428354E-01 ,     0.225611760466911E-01 ,     0.113112183280945E-01 , 
  11.81964 ,    -0.271087883458828E-01 ,     0.397374856479936E-01 ,    -0.917825773858636E-02 , 
  11.84147 ,    -0.338957788271080E-01 ,     0.546454174060566E-01 ,    -0.271491024173653E-01 , 
  11.86326 ,    -0.390540387677666E-01 ,     0.615515025250891E-01 ,    -0.356634823677759E-01 , 
  11.88501 ,    -0.413610305308447E-01 ,     0.582777384339589E-01 ,    -0.315482006075716E-01 , 
  11.90673 ,    -0.411844884934240E-01 ,     0.470667591022772E-01 ,    -0.168239833215161E-01 , 
  11.92842 ,    -0.400632888208320E-01 ,     0.334170170880083E-01 ,     0.217628011174873E-02 , 
  11.95006 ,    -0.397254862162079E-01 ,     0.234718409315005E-01 ,     0.175971944434923E-01 , 
  11.97168 ,    -0.410364050379237E-01 ,     0.212161439410001E-01 ,     0.234639721282334E-01 , 
  11.99325 ,    -0.434045475093152E-01 ,     0.267931570046418E-01 ,     0.181336934811408E-01 , 
  12.01479 ,    -0.449572408977390E-01 ,     0.366863736702338E-01 ,     0.470380585906561E-02 , 
  12.03629 ,    -0.434281547856425E-01 ,     0.456059837631223E-01 ,    -0.107305364500118E-01 , 
  12.05775 ,    -0.373462870966181E-01 ,     0.491166721926667E-01 ,    -0.220671888593308E-01 , 
  12.07918 ,    -0.269488361690376E-01 ,     0.457251145831582E-01 ,    -0.259769862112053E-01 , 
  12.10057 ,    -0.143446047225738E-01 ,     0.374484905240113E-01 ,    -0.231698839984744E-01 , 
  12.12193 ,    -0.279086468466908E-02 ,     0.286462823129488E-01 ,    -0.176188155828633E-01 , 
  12.14324 ,     0.463575702311404E-02 ,     0.237392829054622E-01 ,    -0.142178982626862E-01 , 
  12.16453 ,     0.638970361803199E-02 ,     0.249579412590304E-01 ,    -0.160969217926702E-01 , 
  12.18577 ,     0.320146910320717E-02 ,     0.312191381403461E-01 ,    -0.229461804641826E-01 , 
  12.20697 ,    -0.215934623800740E-02 ,     0.386623908336575E-01 ,    -0.311750847597522E-01 , 
  12.22814 ,    -0.604285533481270E-02 ,     0.425675070402212E-01 ,    -0.358055655166475E-01 , 
  12.24928 ,    -0.551368673987817E-02 ,     0.397157588234411E-01 ,    -0.331410299522545E-01 , 
  12.27037 ,     0.321262262211263E-03 ,     0.300542940134645E-01 ,    -0.228687737416830E-01 , 
  12.29143 ,     0.985713511355140E-02 ,     0.168636702519336E-01 ,    -0.852699091495705E-02 , 
  12.31245 ,     0.196362256218890E-01 ,     0.533973091578731E-02 ,     0.394132384289868E-02 , 
  12.33343 ,     0.258341155321112E-01 ,     0.243852276749143E-03 ,     0.889926992225667E-02 , 
  12.35437 ,     0.259467586590915E-01 ,     0.370474519339911E-02 ,     0.372440112417868E-02 , 
  12.37528 ,     0.199401712520823E-01 ,     0.141793911132886E-01 ,    -0.977347517300747E-02 , 
  12.39615 ,     0.103550559536438E-01 ,     0.270459941047941E-01 ,    -0.259284400541225E-01 , 
  12.41698 ,     0.131597230796011E-02 ,     0.365617031259779E-01 ,    -0.375771838160521E-01 , 
  12.43777 ,    -0.312646203129491E-02 ,     0.383115625206371E-01 ,    -0.391686380341504E-01 , 
  12.45853 ,    -0.605535460505467E-03 ,     0.310711656647433E-01 ,    -0.292422825466056E-01 , 
  12.47925 ,     0.868215298946626E-02 ,     0.172834148285348E-01 ,    -0.111673667377636E-01 , 
  12.49993 ,     0.221788314627639E-01 ,     0.197194912548180E-02 ,     0.819561902790495E-02 , 
  12.52057 ,     0.361218523866867E-01 ,    -0.940489982340262E-02 ,     0.213365895111634E-01 , 
  12.54117 ,     0.471178052515903E-01 ,    -0.132155621822265E-01 ,     0.232159466997641E-01 , 
  12.56174 ,     0.534387701980017E-01 ,    -0.907142836309145E-02 ,     0.133327201009556E-01 , 
  12.58226 ,     0.554990940966191E-01 ,     0.165808759202250E-03 ,    -0.411707970039787E-02 , 
  12.60275 ,     0.553597225426270E-01 ,     0.972756987364475E-02 ,    -0.220193116809723E-01 , 
  12.62320 ,     0.555482172566900E-01 ,     0.150054408907620E-01 ,    -0.332660093898473E-01 , 
  12.64362 ,     0.577757320862025E-01 ,     0.134395089923381E-01 ,    -0.335769499597358E-01 , 
  12.66399 ,     0.621499696104191E-01 ,     0.544705118909428E-02 ,    -0.230585302397897E-01 , 
  12.68432 ,     0.672267083911159E-01 ,    -0.594349275361418E-02 ,    -0.591383298529890E-02 , 
  12.70462 ,     0.708376165067828E-01 ,    -0.165247247018357E-01 ,     0.114867949268743E-01 , 
  12.72488 ,     0.712685400147554E-01 ,    -0.227441490123842E-01 ,     0.232945888740033E-01 , 
  12.74510 ,     0.682062352276365E-01 ,    -0.231441641933798E-01 ,     0.264812821292079E-01 , 
  12.76528 ,     0.629899475250683E-01 ,    -0.188246717457186E-01 ,     0.218238874858489E-01 , 
  12.78542 ,     0.580378013960018E-01 ,    -0.127907255001106E-01 ,     0.132502067611743E-01 , 
  12.80552 ,     0.557100232446725E-01 ,    -0.852620247203082E-02 ,     0.592143358023581E-02 , 
  12.82558 ,     0.571406966905163E-01 ,    -0.844250872798034E-02 ,     0.393267865126009E-02 , 
  12.84561 ,     0.615940898575240E-01 ,    -0.128692722307923E-01 ,     0.861978809184991E-02 , 
  12.86559 ,     0.666699857387652E-01 ,    -0.199907534400357E-01 ,     0.181492293344362E-01 , 
  12.88554 ,     0.692997453510828E-01 ,    -0.267131007942789E-01 ,     0.284912912667961E-01 , 
  12.90544 ,     0.671130017104827E-01 ,    -0.300566471020816E-01 ,     0.352909915637849E-01 , 
  12.92531 ,     0.595757798186355E-01 ,    -0.284650588016066E-01 ,     0.358002615354914E-01 , 
  12.94514 ,     0.483848483544032E-01 ,    -0.224829177074491E-01 ,     0.300514685333843E-01 , 
  12.96493 ,     0.369147689597236E-01 ,    -0.145367040806849E-01 ,     0.208084867640244E-01 , 
  12.98468 ,     0.289188625352682E-01 ,    -0.793327235564817E-02 ,     0.123611535418032E-01 , 
  13.00438 ,     0.270089193456046E-01 ,    -0.550527896342016E-02 ,     0.870444167434904E-02 , 
  13.02405 ,     0.315424266670273E-01 ,    -0.846028159785439E-02 ,     0.118732598475702E-01 , 
  13.04368 ,     0.403862514782275E-01 ,    -0.158881551963636E-01 ,     0.211075949518350E-01 , 
  13.06327 ,     0.496696990657262E-01 ,    -0.251031853815453E-01 ,     0.331580788738181E-01 , 
  13.08282 ,     0.552367476332440E-01 ,    -0.326627953809716E-01 ,     0.435713705582421E-01 , 
  13.10234 ,     0.542238102354649E-01 ,    -0.356492171246633E-01 ,     0.484129220980495E-01 , 
  13.12181 ,     0.461404684141861E-01 ,    -0.327188717859615E-01 ,     0.457387126140200E-01 , 
  13.14124 ,     0.330329534017483E-01 ,    -0.245378131615224E-01 ,     0.362608518985757E-01 , 
  13.16063 ,     0.186777393230958E-01 ,    -0.134740527710792E-01 ,     0.229944054723587E-01 , 
  13.17998 ,     0.713452095404539E-02 ,    -0.270287389363379E-02 ,     0.100764416421556E-01 , 
  13.19929 ,     0.123120199922966E-02 ,     0.491171272638870E-02 ,     0.125152079582667E-02 , 
  13.21856 ,     0.156521485199221E-02 ,     0.774026359250629E-02 ,    -0.139006161826671E-02 , 
  13.23779 ,     0.638761615825345E-02 ,     0.580159119691153E-02 ,     0.202580658233715E-02 , 
  13.25698 ,     0.123821122150217E-01 ,     0.565700098171770E-03 ,     0.944277328887380E-02 , 
  13.27613 ,     0.160043209178461E-01 ,    -0.572262572707435E-02 ,     0.178235948884361E-01 , 
  13.29524 ,     0.148427976073429E-01 ,    -0.109052705053945E-01 ,     0.243459891744769E-01 , 
  13.31430 ,     0.847683197001702E-02 ,    -0.136247323594583E-01 ,     0.273729452534630E-01 , 
  13.33333 ,    -0.147711812375994E-02 ,    -0.136476382371781E-01 ,     0.268566703260345E-01 , 
  13.35232 ,    -0.121109998668695E-01 ,    -0.117269015830212E-01 ,     0.240853706097325E-01 , 
  13.37127 ,    -0.204371773948169E-01 ,    -0.911343219461783E-02 ,     0.209444919998350E-01 , 
  13.39017 ,    -0.245742983655712E-01 ,    -0.695013893058232E-02 ,     0.190364326316811E-01 , 
  13.40904 ,    -0.244453706555501E-01 ,    -0.580187163532519E-02 ,     0.190259461962167E-01 , 
  13.42786 ,    -0.217348676453002E-01 ,    -0.549590535407036E-02 ,     0.204558541805499E-01 , 
  13.44664 ,    -0.191496280204344E-01 ,    -0.530749875992484E-02 ,     0.220687296590079E-01 , 
  13.46539 ,    -0.192971653826389E-01 ,    -0.438291860529880E-02 ,     0.224630351547176E-01 , 
  13.48409 ,    -0.236325741305988E-01 ,    -0.220318205040010E-02 ,     0.207874811120674E-01 , 
  13.50275 ,    -0.318840445260763E-01 ,     0.111367289826393E-02 ,     0.171780269669061E-01 , 
  13.52137 ,    -0.421698493191755E-01 ,     0.479908889403088E-02 ,     0.127595743437934E-01 , 
  13.53994 ,    -0.517476050909265E-01 ,     0.771498772426045E-02 ,     0.921630036693489E-02 , 
  13.55848 ,    -0.580956396885510E-01 ,     0.881590659744746E-02 ,     0.810694171513916E-02 , 
  13.57698 ,    -0.599062777984867E-01 ,     0.760764209143395E-02 ,     0.101986079679490E-01 , 
  13.59543 ,    -0.576126052425998E-01 ,     0.441924181987128E-02 ,     0.150816087357133E-01 , 
  13.61384 ,    -0.532526135456347E-01 ,     0.376039591681972E-03 ,     0.212175755191351E-01 , 
  13.63221 ,    -0.497251178611393E-01 ,    -0.292701907162827E-02 ,     0.264093628196848E-01 , 
  13.65054 ,    -0.497158648706726E-01 ,    -0.394239798777177E-02 ,     0.285264872205361E-01 , 
  13.66883 ,    -0.546887199198055E-01 ,    -0.169895797204025E-02 ,     0.262300520042826E-01 , 
  13.68708 ,    -0.643070911507649E-01 ,     0.384015499005545E-02 ,     0.194455014235232E-01 , 
  13.70528 ,    -0.764905531783283E-01 ,     0.117145949425207E-01 ,     0.942416600431508E-02 , 
  13.72344 ,    -0.880828142057197E-01 ,     0.202223140101048E-01 ,    -0.162136678564402E-02 , 
  13.74157 ,    -0.958933099799906E-01 ,     0.274109772799178E-01 ,    -0.111799892899227E-01 , 
  13.75964 ,    -0.977503875149453E-01 ,     0.316472397562644E-01 ,    -0.171816757802336E-01 , 
  13.77768 ,    -0.932090364840402E-01 ,     0.320845213117054E-01 ,    -0.185779265018711E-01 , 
  13.79568 ,    -0.836833372863673E-01 ,     0.288874522951138E-01 ,    -0.155906286578629E-01 , 
  13.81363 ,    -0.719742736479167E-01 ,     0.231525336319000E-01 ,    -0.957252558058054E-02 , 
  13.83154 ,    -0.613657533364934E-01 ,     0.165613226397054E-01 ,    -0.254839461748222E-02 , 
  13.84941 ,    -0.545972790974464E-01 ,     0.108829015513667E-01 ,     0.339961574171450E-02 , 
  13.86724 ,    -0.530487064313520E-01 ,     0.748198868835035E-02 ,     0.670429106261479E-02 , 
  13.88502 ,    -0.563878007218903E-01 ,     0.697786222114170E-02 ,     0.667611508399480E-02 , 
  13.90276 ,    -0.627692005013140E-01 ,     0.914404853919348E-02 ,     0.357029821575664E-02 , 
  13.92046 ,    -0.694917434903361E-01 ,     0.130596156823998E-01 ,    -0.162771758908141E-02 , 
  13.93812 ,    -0.738804322317163E-01 ,     0.174460910702001E-01 ,    -0.759821977399822E-02 , 
  13.95574 ,    -0.741026129438934E-01 ,     0.210730755695130E-01 ,    -0.131193490091561E-01 , 
  13.97331 ,    -0.696678451441311E-01 ,     0.231043822696731E-01 ,    -0.173958813593106E-01 , 
  13.99084 ,    -0.614778395147476E-01 ,     0.232855125701940E-01 ,    -0.201950079395333E-01 , 
  14.00833 ,    -0.514437355157594E-01 ,     0.219305640433882E-01 ,    -0.217728691574530E-01 , 
  14.02577 ,    -0.418222493331924E-01 ,     0.197324788901973E-01 ,    -0.226465459816818E-01 , 
  14.04317 ,    -0.344985232839236E-01 ,     0.174739459140959E-01 ,    -0.233119461941378E-01 , 
  14.06053 ,    -0.304423214950576E-01 ,     0.157416375824825E-01 ,    -0.240160599409537E-01 , 
  14.07785 ,    -0.294922070124015E-01 ,     0.147378662008317E-01 ,    -0.246631509137729E-01 , 
  14.09512 ,    -0.305079761715583E-01 ,     0.142460545584820E-01 ,    -0.248811188530768E-01 , 
  14.11235 ,    -0.318142584925377E-01 ,     0.137530918688686E-01 ,    -0.242157816518762E-01 , 
  14.12954 ,    -0.317746350534418E-01 ,     0.126800850148118E-01 ,    -0.223765508289971E-01 , 
  14.14669 ,    -0.293088467237969E-01 ,     0.106390765358932E-01 ,    -0.194403409919167E-01 , 
  14.16379 ,    -0.241988659901460E-01 ,     0.762664808970708E-02 ,    -0.159353861220847E-01 , 
  14.18085 ,    -0.171071271764935E-01 ,     0.408691068351110E-02 ,    -0.127667390909913E-01 , 
  14.19786 ,    -0.932419712795496E-02 ,     0.818632868264370E-03 ,    -0.109970281946862E-01 , 
  14.21483 ,    -0.234339319655331E-02 ,    -0.124924124603003E-02 ,    -0.115431742460976E-01 , 
  14.23176 ,     0.259673938253457E-02 ,    -0.134773769325848E-02 ,    -0.148781144331411E-01 , 
  14.24865 ,     0.486413503045038E-02 ,     0.863922804724880E-03 ,    -0.208282161740264E-01 , 
  14.26549 ,     0.458497370961461E-02 ,     0.513515483847054E-02 ,    -0.285321450208039E-01 , 
  14.28229 ,     0.256881536996141E-02 ,     0.106201419109277E-01 ,    -0.365831435660950E-01 , 
  14.29904 ,     0.489151771874479E-04 ,     0.160427921394592E-01 ,    -0.433265850588052E-01 , 
  14.31575 ,    -0.167133349858527E-02 ,     0.199923130296355E-01 ,    -0.472420931457871E-01 , 
  14.33242 ,    -0.155751881239203E-02 ,     0.212738886465405E-01 ,    -0.473157121293498E-01 , 
  14.34904 ,     0.923443638164178E-03 ,     0.192222648019707E-01 ,    -0.433084380101078E-01 , 
  14.36562 ,     0.572926339936513E-02 ,     0.138943680809267E-01 ,    -0.358521521114218E-01 , 
  14.38216 ,     0.123272419732928E-01 ,     0.608789975855541E-02 ,    -0.263458598831342E-01 , 
  14.39865 ,     0.198941761823074E-01 ,    -0.282232745900423E-02 ,    -0.166733232177514E-01 , 
  14.41510 ,     0.275606297568344E-01 ,    -0.111917228887833E-01 ,    -0.880572921958054E-02 , 
  14.43151 ,     0.346261974325403E-01 ,    -0.174817924814280E-01 ,    -0.437982108617085E-02 , 
  14.44787 ,     0.406910103873627E-01 ,    -0.206124526664415E-01 ,    -0.434694711123792E-02 , 
  14.46419 ,     0.456805427913723E-01 ,    -0.202052669527279E-01 ,    -0.877116117318939E-02 , 
  14.48046 ,     0.497747460622298E-01 ,    -0.166600582349763E-01 ,    -0.168195033055996E-01 , 
  14.49669 ,     0.532784643511794E-01 ,    -0.110491289214589E-01 ,    -0.269435215913259E-01 , 
  14.51287 ,     0.564815082920078E-01 ,    -0.485805597078619E-02 ,    -0.372083734538032E-01 , 
  14.52901 ,     0.595523601670195E-01 ,     0.361540290826676E-03 ,    -0.456941949529414E-01 , 
  14.54511 ,     0.624927644407068E-01 ,     0.334252736156286E-02 ,    -0.508807045217975E-01 , 
  14.56116 ,     0.651580762148583E-01 ,     0.337336183055416E-02 ,    -0.519327365923626E-01 , 
  14.57717 ,     0.673275959874316E-01 ,     0.429106637936991E-03 ,    -0.488293584356933E-01 , 
  14.59313 ,     0.687960697661637E-01 ,    -0.486231298891724E-02 ,    -0.423161147126246E-01 , 
  14.60905 ,     0.694548783719078E-01 ,    -0.114027863524266E-01 ,    -0.336999724846865E-01 , 
  14.62492 ,     0.693385186646864E-01 ,    -0.179048657593359E-01 ,    -0.245404972080864E-01 , 
  14.64075 ,     0.686253524123543E-01 ,    -0.231989650738214E-01 ,    -0.163111771625038E-01 , 
  14.65654 ,     0.675964530015307E-01 ,    -0.264924216905341E-01 ,    -0.101075025152107E-01 , 
  14.67228 ,     0.665681468426286E-01 ,    -0.275214684924207E-01 ,    -0.646348567407209E-02 , 
  14.68798 ,     0.658195140220114E-01 ,    -0.265662425198729E-01 ,    -0.530993726880520E-02 , 
  14.70363 ,     0.655348941816896E-01 ,    -0.243338311316004E-01 ,    -0.607311881448724E-02 , 
  14.71923 ,     0.657746855821168E-01 ,    -0.217462210036440E-01 ,    -0.787973377642719E-02 , 
  14.73479 ,     0.664781981786071E-01 ,    -0.196912264089836E-01 ,    -0.981117845448441E-02 , 
  14.75031 ,     0.674931885052707E-01 ,    -0.188003629389297E-01 ,    -0.111416080779559E-01 , 
  14.76578 ,     0.686205246638944E-01 ,    -0.193075070214609E-01 ,    -0.115020895870577E-01 , 
  14.78121 ,     0.696604909770179E-01 ,    -0.210192960819843E-01 ,    -0.109344459537264E-01 , 
  14.79659 ,     0.704493722801612E-01 ,    -0.233987978797944E-01 ,    -0.982771011385392E-02 , 
  14.81193 ,     0.708798090595909E-01 ,    -0.257355329229373E-01 ,    -0.876002654678321E-02 , 
  14.82722 ,     0.709040590148795E-01 ,    -0.273544035622598E-01 ,    -0.829206987343978E-02 , 
  14.84246 ,     0.705239157906480E-01 ,    -0.278081545504284E-01 ,    -0.876912194959408E-02 , 
  14.85766 ,     0.697734530383091E-01 ,    -0.270040746001138E-01 ,    -0.101854801834408E-01 , 
  14.87282 ,     0.687007278677095E-01 ,    -0.252336959162143E-01 ,    -0.121480585136558E-01 , 
  14.88793 ,     0.673526842980709E-01 ,    -0.230993998482951E-01 ,    -0.139502872185333E-01 , 
  14.90300 ,     0.657648499649346E-01 ,    -0.213577208495971E-01 ,    -0.147391812592983E-01 , 
  14.91802 ,     0.639551809281876E-01 ,    -0.207194690121594E-01 ,    -0.137346561095599E-01 , 
  14.93299 ,     0.619203839218513E-01 ,    -0.216568531904251E-01 ,    -0.104465471334996E-01 , 
  14.94792 ,     0.596334331689223E-01 ,    -0.242654992611641E-01 ,    -0.483451289902069E-02 , 
  14.96280 ,     0.570423868734025E-01 ,    -0.282155436458810E-01 ,     0.263098771831835E-02 , 
  14.97764 ,     0.540721768979149E-01 ,    -0.328044211488864E-01 ,     0.110253762944973E-01 , 
  14.99243 ,     0.506319044701666E-01 ,    -0.370998448889719E-01 ,     0.191354190314974E-01 , 
  15.00718 ,     0.466297117219974E-01 ,    -0.401404845408088E-01 ,     0.256989808511322E-01 , 
  15.02188 ,     0.419954148141480E-01 ,    -0.411487480013363E-01 ,     0.296668901369306E-01 , 
  15.03653 ,     0.367082515386332E-01 ,    -0.397076388694585E-01 ,     0.304289946200196E-01 , 
  15.05114 ,     0.308242178665107E-01 ,    -0.358621446577358E-01 ,     0.279538942810398E-01 , 
  15.06570 ,     0.244955908883548E-01 ,    -0.301227788918644E-01 ,     0.228105708663196E-01 , 
  15.08022 ,     0.179752082836699E-01 ,    -0.233706598479256E-01 ,     0.160658521042561E-01 , 
  15.09469 ,     0.116002558766308E-01 ,    -0.166849000588898E-01 ,     0.907853120612240E-02 , 
  15.10912 ,     0.575442480900806E-02 ,    -0.111294205580563E-01 ,     0.323305848156722E-02 , 
  15.12350 ,     0.812455622232542E-03 ,    -0.754420580279198E-02 ,    -0.331717947456233E-03 , 
  15.13783 ,    -0.292398303240730E-02 ,    -0.638407094712464E-02 ,    -0.942796454274223E-03 , 
  15.15212 ,    -0.528675525219239E-02 ,    -0.763700316270753E-02 ,     0.148229718585403E-02 , 
  15.16636 ,    -0.628493063671953E-02 ,    -0.108367554784911E-01 ,     0.643035361930175E-02 , 
  15.18055 ,    -0.612074864398414E-02 ,    -0.151645440867505E-01 ,     0.129056754720278E-01 , 
  15.19470 ,    -0.517187415843319E-02 ,    -0.196166906946115E-01 ,     0.196362104202227E-01 , 
  15.20881 ,    -0.394059667495781E-02 ,    -0.232025338898382E-01 ,     0.253289192691535E-01 , 
  15.22286 ,    -0.297756942480179E-02 ,    -0.251322492715525E-01 ,     0.289219576624623E-01 , 
  15.23687 ,    -0.279335439662195E-02 ,    -0.249579595249284E-01 ,     0.297835685418597E-01 , 
  15.25083 ,    -0.377411683579450E-02 ,    -0.226425009326192E-01 ,     0.278200430167125E-01 , 
  15.26475 ,    -0.611754154985559E-02 ,    -0.185458336370703E-01 ,     0.234747465363869E-01 , 
  15.27862 ,    -0.980140715362294E-02 ,    -0.133359262264192E-01 ,     0.176227088264713E-01 , 
