Q (Ang^-1), RMC, Data
  0.46824703000000001       ,   0.72722225733045598       ,   0.16201098468564024     
  0.49828223050676884       ,   0.78914312217318217       ,   0.18248391965839494     
  0.52831743101353767       ,   0.83083988708326184       ,   0.19662543814466271     
  0.55835263152030645       ,   0.85303652053572510       ,   0.20765328378677025     
  0.58838783202707534       ,   0.85967211802624632       ,   0.21858858139296750     
  0.61842303253384423       ,   0.85643216720521664       ,   0.23146974453042704     
  0.64845823304061301       ,   0.84933133367516689       ,   0.24696325503199562     
  0.67849343354738179       ,   0.84359902751805926       ,   0.26442206694669990     
  0.70852863405415067       ,   0.84300346701160833       ,   0.28232198480536341     
  0.73856383456091956       ,   0.84962756414179164       ,   0.29891374893565570     
  0.76859903506768834       ,   0.86401010056972483       ,   0.31288552700786193     
  0.79863423557445712       ,   0.88550814715594672       ,   0.32384495672592201     
  0.82866943608122601       ,   0.91272798071057681       ,   0.33249444636282749     
  0.85870463658799490       ,   0.94390495032649069       ,   0.34046809189326510     
  0.88873983709476367       ,   0.97717087166657446       ,   0.34989637079021163     
  0.91877503760153245       ,    1.0107091854586627       ,   0.36283918223687134     
  0.94881023810830134       ,    1.0428437736335470       ,   0.38075962673111219     
  0.97884543861507012       ,    1.0721245669826982       ,   0.40419309734147557     
   1.0088806391218390       ,    1.0974595019040920       ,   0.43270532889296132     
   1.0389158396286078       ,    1.1183055268159094       ,   0.46514699903320156     
   1.0689510401353766       ,    1.1348858311964041       ,   0.50012560843296661     
   1.0989862406421453       ,    1.1483632404342305       ,   0.53655168707916501     
   1.1290214411489143       ,    1.1608849280339775       ,   0.57409316768918939     
   1.1590566416556833       ,    1.1754283486987629       ,   0.61339512623696912     
   1.1890918421624521       ,    1.1954205673046174       ,   0.65598547423505937     
   1.2191270426692209       ,    1.2241623359001752       ,   0.70387336141566181     
   1.2491622431759897       ,    1.2641481186568182       ,   0.75893280038964428     
   1.2791974436827585       ,    1.3164164675265324       ,   0.82222639298887035     
   1.3092326441895272       ,    1.3800781624904614       ,   0.89344636325829208     
   1.3392678446962960       ,    1.4521464092031429       ,   0.97062634425424454     
   1.3693030452030650       ,    1.5277375966152065       ,    1.0502135692965084     
   1.3993382457098340       ,    1.6006348132752590       ,    1.1275036988763121     
   1.4293734462166028       ,    1.6641273350740879       ,    1.1973518682200615     
   1.4594086467233716       ,    1.7119766234695708       ,    1.2550061669382000     
   1.4894438472301403       ,    1.7393283470826633       ,    1.2968804569952039     
   1.5194790477369091       ,    1.7433983597041145       ,    1.3210990623351062     
   1.5495142482436779       ,    1.7238067501380900       ,    1.3277017729533755     
   1.5795494487504467       ,    1.6825073154957992       ,    1.3184790554840460     
   1.6095846492572159       ,    1.6233430766998460       ,    1.2964935090066614     
   1.6396198497639847       ,    1.5513326521066650       ,    1.2654129789461219     
   1.6696550502707534       ,    1.4718409182123873       ,    1.2288167466264213     
   1.6996902507775222       ,    1.3898004024649599       ,    1.1896312247575873     
   1.7297254512842910       ,    1.3091259663149206       ,    1.1498086370246932     
   1.7597606517910598       ,    1.2324119465291588       ,    1.1102937974555478     
   1.7897958522978286       ,    1.1609319998672794       ,    1.0712488622076961     
   1.8198310528045973       ,    1.0948943207497710       ,    1.0324433189700475     
   1.8498662533113666       ,    1.0338542467373353       ,   0.99368192508340636     
   1.8799014538181353       ,   0.97716309772496313       ,   0.95514427414176151     
   1.9099366543249041       ,   0.92433968283270151       ,   0.91754403785732852     
   1.9399718548316729       ,   0.87528486377679127       ,   0.88207290030372143     
   1.9700070553384417       ,   0.83030938320555103       ,   0.85015747924981311     
   2.0000422558452104       ,   0.78999721913849563       ,   0.82310982858849213     
   2.0300774563519792       ,   0.75496783949225732       ,   0.80177978191947308     
   2.0601126568587480       ,   0.72562145079965346       ,   0.78631390842413706     
   2.0901478573655172       ,   0.70194805658539006       ,   0.77609330984861158     
   2.1201830578722860       ,   0.68345662332013024       ,   0.76987075961340679     
   2.1502182583790548       ,   0.66924289329249798       ,   0.76607150140859148     
   2.1802534588858236       ,   0.65817422896252986       ,   0.76317686077429103     
   2.2102886593925923       ,   0.64913804595333913       ,   0.76008771067999137     
   2.2403238598993611       ,   0.64128474356084153       ,   0.75637121852576283     
   2.2703590604061299       ,   0.63419971294159527       ,   0.75232677322459562     
   2.3003942609128987       ,   0.62795991254605266       ,   0.74885614668578171     
   2.3304294614196679       ,   0.62306221322390332       ,   0.74717512965389743     
   2.3604646619264367       ,   0.62024438193647025       ,   0.74844499101849982     
   2.3904998624332054       ,   0.62024636782970866       ,   0.75342140149768666     
   2.4205350629399742       ,   0.62357295443012906       ,   0.76221136429871550     
   2.4505702634467430       ,   0.63031616194565487       ,   0.77419786095864629     
   2.4806054639535118       ,   0.64007862100573620       ,   0.78814630652142215     
   2.5106406644602806       ,   0.65201268077472729       ,   0.80245917058354044     
   2.5406758649670498       ,   0.66496146601277328       ,   0.81550808475539371     
   2.5707110654738186       ,   0.67766470082338393       ,   0.82595594215990220     
   2.6007462659805873       ,   0.68897929821397796       ,   0.83298863751489816     
   2.6307814664873561       ,   0.69806483952632492       ,   0.83640431929271142     
   2.6608166669941249       ,   0.70449607695083416       ,   0.83654883078599940     
   2.6908518675008937       ,   0.70828454893037751       ,   0.83412778754310779     
   2.7208870680076624       ,   0.70981373129447167       ,   0.82995701915539788     
   2.7509222685144317       ,   0.70971120954833156       ,   0.82472574146339284     
   2.7809574690212004       ,   0.70869286655150221       ,   0.81883811387726779     
   2.8109926695279692       ,   0.70741606911344679       ,   0.81237209293588697     
   2.8410278700347380       ,   0.70637192063325438       ,   0.80515795464382489     
   2.8710630705415068       ,   0.70583358427352472       ,   0.79694324113102433     
   2.9010982710482756       ,   0.70586243031374196       ,   0.78758631984606775     
   2.9311334715550443       ,   0.70636032252665670       ,   0.77721393699738039     
   2.9611686720618131       ,   0.70714773965167554       ,   0.76629058912458825     
   2.9912038725685819       ,   0.70804499738963789       ,   0.75557518997710060     
   3.0212390730753511       ,   0.70893719272448763       ,   0.74597506830703575     
   3.0512742735821199       ,   0.70981082861650679       ,   0.73833865612576344     
   3.0813094740888887       ,   0.71075887449346853       ,   0.73324725280638814     
   3.1113446745956574       ,   0.71195883552220751       ,   0.73086755074621523     
   3.1413798751024262       ,   0.71363352553644865       ,   0.73090988899202747     
   3.1714150756091950       ,   0.71600601196406000       ,   0.73270732922606141     
   3.2014502761159638       ,   0.71925900912048046       ,   0.73539622136327365     
   3.2314854766227330       ,   0.72350592623186738       ,   0.73814980223952720     
   3.2615206771295018       ,   0.72877713289017743       ,   0.74040086660037929     
   3.2915558776362706       ,   0.73502184460641495       ,   0.74199209274312761     
   3.3215910781430393       ,   0.74212387545361458       ,   0.74321250227773261     
   3.3516262786498081       ,   0.74992829869302080       ,   0.74471018664452238     
   3.3816614791565769       ,   0.75827536250510363       ,   0.74730593520970146     
   3.4116966796633457       ,   0.76703733204874214       ,   0.75176005172452598     
   3.4417318801701144       ,   0.77615303519213485       ,   0.75855768369825005     
   3.4717670806768832       ,   0.78565397498011613       ,   0.76777275704156789     
   3.5018022811836524       ,   0.79567552779772766       ,   0.77904857235481850     
   3.5318374816904212       ,   0.80644770936872012       ,   0.79170044473756951     
   3.5618726821971900       ,   0.81826278253525653       ,   0.80491158630007409     
   3.5919078827039588       ,   0.83142156875574724       ,   0.81796727983758899     
   3.6219430832107276       ,   0.84616595061206956       ,   0.83046156313612662     
   3.6519782837174963       ,   0.86261031441824276       ,   0.84241815124731401     
   3.6820134842242651       ,   0.88068788434100564       ,   0.85429108126913123     
   3.7120486847310343       ,   0.90012757343828897       ,   0.86684397302413352     
   3.7420838852378031       ,   0.92047241945038882       ,   0.88094059346405929     
   3.7721190857445719       ,   0.94114231982892138       ,   0.89730423215786992     
   3.8021542862513407       ,   0.96153326870796041       ,   0.91631237425108358     
   3.8321894867581094       ,   0.98113515939620144       ,   0.93788381308039126     
   3.8622246872648782       ,   0.99964324946284455       ,   0.96149024593872789     
   3.8922598877716470       ,    1.0170368769336662       ,   0.98629043566908003     
   3.9222950882784158       ,    1.0336040163266489       ,    1.0113514994260795     
   3.9523302887851846       ,    1.0499011547866204       ,    1.0358979502136867     
   3.9823654892919538       ,    1.0666524728588582       ,    1.0595212535710588     
   4.0124006897987226       ,    1.0846069754355685       ,    1.0822929442652018     
   4.0424358903054909       ,    1.1043832603282897       ,    1.1047499061218553     
   4.0724710908122601       ,    1.1263359519984522       ,    1.1277542678476813     
   4.1025062913190284       ,    1.1504739658328837       ,    1.1522633550070087     
   4.1325414918257977       ,    1.1764492917487506       ,    1.1790684539915688     
   4.1625766923325660       ,    1.2036185275207192       ,    1.2085687096457189     
   4.1926118928393352       ,    1.2311620192858721       ,    1.2406365525419560     
   4.2226470933461044       ,    1.2582316454733806       ,    1.2746066253441992     
   4.2526822938528728       ,    1.2840916842295729       ,    1.3093880693792948     
   4.2827174943596420       ,    1.3082196900280243       ,    1.3436689572760969     
   4.3127526948664103       ,    1.3303453489478583       ,    1.3761598139399904     
   4.3427878953731796       ,    1.3504220499859387       ,    1.4058160210518333     
   4.3728230958799479       ,    1.3685439641864048       ,    1.4319877654843152     
   4.4028582963867171       ,    1.3848358929312972       ,    1.4544679978173489     
   4.4328934968934854       ,    1.3993500491939037       ,    1.4734371336517647     
   4.4629286974002547       ,    1.4120012923715879       ,    1.4893299676420479     
   4.4929638979070230       ,    1.4225607650779042       ,    1.5026682448015354     
   4.5229990984137922       ,    1.4307104807143918       ,    1.5139070623943756     
   4.5530342989205606       ,    1.4361429709267481       ,    1.5233341914595397     
   4.5830694994273298       ,    1.4386758089363503       ,    1.5310418873049967     
   4.6131046999340990       ,    1.4383448362992164       ,    1.5369670331686600     
   4.6431399004408673       ,    1.4354441873032500       ,    1.5409747335699024     
   4.6731751009476366       ,    1.4304948721791140       ,    1.5429488046503530     
   4.7032103014544049       ,    1.4241432502997442       ,    1.5428531772822383     
   4.7332455019611741       ,    1.4170109535789961       ,    1.5407404619904852     
   4.7632807024679424       ,    1.4095331160767157       ,    1.5367037353511090     
   4.7933159029747117       ,    1.4018277151706080       ,    1.5307886568802314     
   4.8233511034814809       ,    1.3936334377801765       ,    1.5228986357961662     
   4.8533863039882492       ,    1.3843377812392572       ,    1.5127309212301536     
   4.8834215044950184       ,    1.3730949293805239       ,    1.4997743349212769     
   4.9134567050017868       ,    1.3590099977921828       ,    1.4833817854912021     
   4.9434919055085560       ,    1.3413485516913459       ,    1.4629077892580216     
   4.9735271060153243       ,    1.3197226311639281       ,    1.4378797977516256     
   5.0035623065220936       ,    1.2942090725740634       ,    1.4081587553790644     
   5.0335975070288628       ,    1.2653717038225807       ,    1.3740433350201784     
   5.0636327075356311       ,    1.2341820635692409       ,    1.3362845507615158     
   5.0936679080424003       ,    1.2018577585571872       ,    1.2959999111536029     
   5.1237031085491687       ,    1.1696571464696845       ,    1.2545028928702260     
   5.1537383090559379       ,    1.1386787050671974       ,    1.2130868616348711     
   5.1837735095627062       ,    1.1097108141752765       ,    1.1728159624541161     
   5.2138087100694754       ,    1.0831635642404025       ,    1.1343749220576487     
   5.2438439105762438       ,    1.0590924470880221       ,    1.0980149799766346     
   5.2738791110830130       ,    1.0373001834018913       ,    1.0636080802123986     
   5.3039143115897822       ,    1.0174837085230626       ,    1.0307927576238971     
   5.3339495120965505       ,   0.99938343248276629       ,   0.99917068946649124     
   5.3639847126033198       ,   0.98289370523793074       ,   0.96849942063576133     
   5.3940199131100881       ,   0.96810617010781186       ,   0.93882809868304973     
   5.4240551136168573       ,   0.95527766811202042       ,   0.91053889752978234     
   5.4540903141236257       ,   0.94473596970469020       ,   0.88428287781891968     
   5.4841255146303949       ,   0.93675392249170064       ,   0.86082819068284278     
   5.5141607151371632       ,   0.93143095492478123       ,   0.84086276510738411     
   5.5441959156439324       ,   0.92861813819067485       ,   0.82480625396996288     
   5.5742311161507017       ,   0.92791013235060937       ,   0.81268357358843268     
   5.6042663166574700       ,   0.92870805815458801       ,   0.80409554445280984     
   5.6343015171642392       ,   0.93033709254053598       ,   0.79829559042341702     
   5.6643367176710075       ,   0.93218703214444176       ,   0.79435252357784780     
   5.6943719181777768       ,   0.93383749231729085       ,   0.79135611441670584     
   5.7244071186845451       ,   0.93513356525486890       ,   0.78861082673422200     
   5.7544423191913143       ,   0.93619141479220602       ,   0.78576683587089946     
   5.7844775196980835       ,   0.93733258096631555       ,   0.78285511300411081     
   5.8145127202048519       ,   0.93896531816429829       ,   0.78021995627816709     
   5.8445479207116211       ,   0.94144568399314987       ,   0.77837044341026773     
   5.8745831212183894       ,   0.94495639116563834       ,   0.77779406808412110     
   5.9046183217251587       ,   0.94943624011468686       ,   0.77878531683943020     
   5.9346535222319270       ,   0.95457878570337074       ,   0.78133663347657389     
   5.9646887227386962       ,   0.95989974205402628       ,   0.78512075127822145     
   5.9947239232454654       ,   0.96485381968209760       ,   0.78956706831955059     
   6.0247591237522338       ,   0.96896839743748175       ,   0.79400807447055632     
   6.0547943242590030       ,   0.97195725985763759       ,   0.79785233202592853     
   6.0848295247657713       ,   0.97378362253204309       ,   0.80073361491948847     
   6.1148647252725405       ,   0.97465604835836006       ,   0.80259337610413850     
   6.1448999257793089       ,   0.97495955271333257       ,   0.80367348578766218     
   6.1749351262860781       ,   0.97514198776776551       ,   0.80442245814421298     
   6.2049703267928464       ,   0.97558778169596760       ,   0.80534362483509159     
   6.2350055272996157       ,   0.97651405293579741       ,   0.80683069224858306     
   6.2650407278063849       ,   0.97791733455320951       ,   0.80903996365598574     
   6.2950759283131532       ,   0.97958464649005295       ,   0.81183808185853445     
   6.3251111288199224       ,   0.98116457327127005       ,   0.81484237838406692     
   6.3551463293266908       ,   0.98227740911435013       ,   0.81754396765704940     
   6.3851815298334600       ,   0.98263290683835625       ,   0.81947926693791051     
   6.4152167303402283       ,   0.98212254653941378       ,   0.82040066167162051     
   6.4452519308469975       ,   0.98086084393111062       ,   0.82039593413353440     
   6.4752871313537659       ,   0.97916479507326704       ,   0.81991930811920577     
   6.5053223318605351       ,   0.97747794368480423       ,   0.81972097263626298     
   6.5353575323673043       ,   0.97626087549506457       ,   0.82069011417301341     
   6.5653927328740727       ,   0.97587895465778862       ,   0.82365097400542575     
   6.5954279333808419       ,   0.97651840278309310       ,   0.82916538649169513     
   6.6254631338876102       ,   0.97815343137397603       ,   0.83739466700688858     
   6.6554983343943794       ,   0.98057254054353515       ,   0.84805863071653287     
   6.6855335349011478       ,   0.98345545169545912       ,   0.86050397238412180     
   6.7155687354079170       ,   0.98647811803017327       ,   0.87386515920707553     
   6.7456039359146862       ,   0.98941572095747621       ,   0.88727630514199807     
   6.7756391364214545       ,   0.99221451188992260       ,   0.90007892880663909     
   6.8056743369282238       ,   0.99501240207479091       ,   0.91197172249590708     
   6.8357095374349921       ,   0.99810269862289869       ,   0.92306410316440779     
   6.8657447379417613       ,    1.0018512237443291       ,   0.93382107516597246     
   6.8957799384485297       ,    1.0065898291736501       ,   0.94491578075556870     
   6.9258151389552989       ,    1.0125155561264321       ,   0.95703023811086863     
   6.9558503394620681       ,    1.0196228023300744       ,   0.97065772101373426     
   6.9858855399688364       ,    1.0276865357197333       ,   0.98595868482028726     
   7.0159207404756057       ,    1.0363005728824473       ,    1.0027067429635026     
   7.0459559409823740       ,    1.0449601825130876       ,    1.0203363556321967     
   7.0759911414891432       ,    1.0531668380045960       ,    1.0380765095170608     
   7.1060263419959115       ,    1.0605278485976899       ,    1.0551322093282458     
   7.1360615425026808       ,    1.0668260151443318       ,    1.0708640393582027     
   7.1660967430094491       ,    1.0720434354594794       ,    1.0849182537174371     
   7.1961319435162183       ,    1.0763363932954246       ,    1.0972748542378299     
   7.2261671440229875       ,    1.0799712181382441       ,    1.1082044690812198     
   7.2562023445297559       ,    1.0832405334659621       ,    1.1181499265383277     
   7.2862375450365251       ,    1.0863829748025315       ,    1.1275683024745551     
   7.3162727455432934       ,    1.0895265831012155       ,    1.1367786070571395     
   7.3463079460500627       ,    1.0926678793189262       ,    1.1458569222564523     
   7.3763431465568310       ,    1.0956877741684001       ,    1.1546060609379472     
   7.4063783470636002       ,    1.0983952509543546       ,    1.1626051705933931     
   7.4364135475703685       ,    1.1005830938469146       ,    1.1693224147895172     
   7.4664487480771378       ,    1.1020785163090669       ,    1.1742571752240161     
   7.4964839485839070       ,    1.1027754019104956       ,    1.1770715889983323     
   7.5265191490906753       ,    1.1026424225074725       ,    1.1776761422212823     
   7.5565543495974445       ,    1.1017099068556091       ,    1.1762486355766413     
   7.5865895501042129       ,    1.1000451516004777       ,    1.1731855772447151     
   7.6166247506109821       ,    1.0977287444562209       ,    1.1690040839419127     
   7.6466599511177504       ,    1.0948426113796386       ,    1.1642252289236408     
   7.6766951516245197       ,    1.0914746971959057       ,    1.1592729856850525     
   7.7067303521312889       ,    1.0877375475111097       ,    1.1544159273672807     
   7.7367655526380572       ,    1.0837913090950082       ,    1.1497641200469768     
   7.7668007531448264       ,    1.0798582719994083       ,    1.1453158775778731     
   7.7968359536515948       ,    1.0762174270303775       ,    1.1410336969851727     
   7.8268711541583640       ,    1.0731734339932888       ,    1.1369203830128716     
   7.8569063546651323       ,    1.0710031618585856       ,    1.1330674968817895     
   7.8869415551719015       ,    1.0698917907475203       ,    1.1296583190954894     
   7.9169767556786708       ,    1.0698763751934488       ,    1.1269232656592614     
   7.9470119561854391       ,    1.0708155218761912       ,    1.1250621760567312     
   7.9770471566922083       ,    1.0723986925854012       ,    1.1241599090853567     
   8.0070823571989767       ,    1.0741986763145723       ,    1.1241253945924761     
   8.0371175577057468       ,    1.0757586357734410       ,    1.1246783672798313     
   8.0671527582125151       ,    1.0766943291502189       ,    1.1253940636037465     
   8.0971879587192834       ,    1.0767859756537181       ,    1.1257982894716037     
   8.1272231592260518       ,    1.0760349263873574       ,    1.1254888448873615     
   8.1572583597328219       ,    1.0746680823239998       ,    1.1242493918159864     
   8.1872935602395902       ,    1.0730860663145418       ,    1.1221217112153901     
   8.2173287607463585       ,    1.0717660719970152       ,    1.1194123212343536     
   8.2473639612531287       ,    1.0711429442849982       ,    1.1166270199484478     
   8.2773991617598970       ,    1.0714987314150490       ,    1.1143471702724839     
   8.3074343622666653       ,    1.0728895762253823       ,    1.1130786508020811     
   8.3374695627734337       ,    1.0751294899832529       ,    1.1131133145746084     
   8.3675047632802038       ,    1.0778356424668420       ,    1.1144407402687238     
   8.3975399637869721       ,    1.0805233269988892       ,    1.1167353393291983     
   8.4275751642937404       ,    1.0827252882983252       ,    1.1194238721297940     
   8.4576103648005105       ,    1.0841034610989939       ,    1.1218166399571121     
   8.4876455653072789       ,    1.0845233297366481       ,    1.1232681591298070     
   8.5176807658140472       ,    1.0840715927794420       ,    1.1233249415569244     
   8.5477159663208173       ,    1.0830137377194067       ,    1.1218214799035451     
   8.5777511668275856       ,    1.0817050334131562       ,    1.1188997660540501     
   8.6077863673343540       ,    1.0804815175278404       ,    1.1149487132999230     
   8.6378215678411223       ,    1.0795630071824209       ,    1.1104818170109578     
   8.6678567683478924       ,    1.0789963477623188       ,    1.1059881089018599     
   8.6978919688546608       ,    1.0786550476052763       ,    1.1017982453324415     
   8.7279271693614291       ,    1.0782945486666624       ,    1.0980025446052704     
   8.7579623698681992       ,    1.0776455465483608       ,    1.0944424315865715     
   8.7879975703749675       ,    1.0765159635252426       ,    1.0907754775145995     
   8.8180327708817359       ,    1.0748689909548252       ,    1.0865931341087023     
   8.8480679713885042       ,    1.0728511967841154       ,    1.0815553847300952     
   8.8781031718952743       ,    1.0707593381781277       ,    1.0755021092077102     
   8.9081383724020426       ,    1.0689531048466259       ,    1.0685082113141995     
   8.9381735729088110       ,    1.0677381386083369       ,    1.0608663531786431     
   8.9682087734155811       ,    1.0672541821909030       ,    1.0530025922011679     
   8.9982439739223494       ,    1.0674037290442069       ,    1.0453500908902107     
   9.0282791744291178       ,    1.0678465112166220       ,    1.0382185875696512     
   9.0583143749358861       ,    1.0680670772186758       ,    1.0316988180934061     
   9.0883495754426562       ,    1.0675015237023280       ,    1.0256310939249575     
   9.1183847759494245       ,    1.0656911961737257       ,    1.0196486313943001     
   9.1484199764561929       ,    1.0624212946614016       ,    1.0132843682515380     
   9.1784551769629630       ,    1.0578040415625873       ,    1.0061112432678796     
   9.2084903774697313       ,    1.0522794176959465       ,   0.99787573313523636     
   9.2385255779764996       ,    1.0465281506354362       ,   0.98858585990311887     
   9.2685607784832680       ,    1.0413158480119422       ,   0.97852757501477095     
   9.2985959789900381       ,    1.0373071715138455       ,   0.96820379307458793     
   9.3286311794968064       ,    1.0348989493278076       ,   0.95821254091433006     
   9.3586663800035748       ,    1.0341179403709779       ,   0.94909828848805611     
   9.3887015805103449       ,    1.0346129998149842       ,   0.94121840924653055     
   9.4187367810171132       ,    1.0357466497821848       ,   0.93466253422438617     
   9.4487719815238815       ,    1.0367641086126351       ,   0.92924745371114736     
   9.4788071820306499       ,    1.0369960692596130       ,   0.92458849712388380     
   9.5088423825374200       ,    1.0360411104963048       ,   0.92022624714846268     
   9.5388775830441883       ,    1.0338777668113110       ,   0.91577142464540950     
   9.5689127835509566       ,    1.0308742267366764       ,   0.91102550839538965     
   9.5989479840577268       ,    1.0276907955632930       ,   0.90604173015982004     
   9.6289831845644951       ,    1.0250994121635020       ,   0.90110853101634636     
   9.6590183850712634       ,    1.0237677006438934       ,   0.89666036300350416     
   9.6890535855780318       ,    1.0240657797884911       ,   0.89314224918161955     
   9.7190887860848019       ,    1.0259491440820030       ,   0.89086846037003620     
   9.7491239865915702       ,    1.0289513969463904       ,   0.88991786180578758     
   9.7791591870983385       ,    1.0322915132492982       ,   0.89009814728165793     
   9.8091943876051069       ,    1.0350693958160238       ,   0.89099118394514676     
   9.8392295881118770       ,    1.0364991533830237       ,   0.89206777054582187     
   9.8692647886186453       ,    1.0361184816239601       ,   0.89283922594954557     
   9.8992999891254136       ,    1.0339179598793458       ,   0.89300155086971156     
   9.9293351896321838       ,    1.0303547200904197       ,   0.89252902901429831     
   9.9593703901389521       ,    1.0262453807267016       ,   0.89168796451427856     
   9.9894055906457204       ,    1.0225652274801178       ,   0.89096399507824819     
   10.019440791152489       ,    1.0202057034563765       ,   0.89092161666188352     
   10.049475991659259       ,    1.0197535243513316       ,   0.89203491522260758     
   10.079511192166027       ,    1.0213490551183135       ,   0.89453800140284290     
   10.109546392672796       ,    1.0246604571956295       ,   0.89833929495609344     
   10.139581593179566       ,    1.0289792269390112       ,   0.90302656798096148     
   10.169616793686334       ,    1.0334104499430585       ,   0.90796423202181664     
   10.199651994193102       ,    1.0371061352274800       ,   0.91245789733942340     
   10.229687194699871       ,    1.0394791084946680       ,   0.91594133016782497     
   10.259722395206641       ,    1.0403410258998318       ,   0.91813343154556970     
   10.289757595713409       ,    1.0399293682766340       ,   0.91912015556899607     
   10.319792796220177       ,    1.0388188827155669       ,   0.91933657685164916     
   10.349827996726948       ,    1.0377444194237013       ,   0.91945205887663850     
   10.379863197233716       ,    1.0373858333740962       ,   0.92018889707080653     
   10.409898397740484       ,    1.0381751307417275       ,   0.92212410670079725     
   10.439933598247253       ,    1.0401788448973122       ,   0.92552958160751397     
   10.469968798754023       ,    1.0430868648736111       ,   0.93029587619567011     
   10.500003999260791       ,    1.0463087737741033       ,   0.93596196054825864     
   10.530039199767559       ,    1.0491486460155528       ,   0.94184377712710210     
   10.560074400274328       ,    1.0510075958956564       ,   0.94722656016634743     
   10.590109600781098       ,    1.0515561559026634       ,   0.95156757314969831     
   10.620144801287866       ,    1.0508277117482532       ,   0.95465246520241853     
   10.650180001794634       ,    1.0492070582012119       ,   0.95666098115953346     
   10.680215202301405       ,    1.0473181588037508       ,   0.95812289776160731     
   10.710250402808173       ,    1.0458438892524007       ,   0.95977580603228319     
   10.740285603314941       ,    1.0453298105821303       ,   0.96236406426873033     
   10.770320803821710       ,    1.0460284236396338       ,   0.96643503717941492     
   10.800356004328480       ,    1.0478286753891732       ,   0.97218977192437450     
   10.830391204835248       ,    1.0502910452497001       ,   0.97943013088990460     
   10.860426405342016       ,    1.0527782742554594       ,   0.98761728281193228     
   10.890461605848786       ,    1.0546443067882383       ,   0.99602496792205686     
   10.920496806355555       ,    1.0554271196426945       ,    1.0039440204424008     
   10.950532006862323       ,    1.0549896577943336       ,    1.0108799466442941     
   10.980567207369091       ,    1.0535675604739327       ,    1.0166871823314494     
   11.010602407875862       ,    1.0517087138309833       ,    1.0216015790356392     
   11.040637608382630       ,    1.0501204889127873       ,    1.0261616855851607     
   11.070672808889398       ,    1.0494670938989719       ,    1.0310412861983487     
   11.100708009396168       ,    1.0501742221595853       ,    1.0368413238472152     
   11.130743209902937       ,    1.0522968472008918       ,    1.0439013779814961     
   11.160778410409705       ,    1.0554888568799565       ,    1.0521857123939615     
   11.190813610916473       ,    1.0590849583188340       ,    1.0612778845445674     
   11.220848811423243       ,    1.0622738078839347       ,    1.0704868914849579     
   11.250884011930012       ,    1.0643154665363159       ,    1.0790356185148171     
   11.280919212436780       ,    1.0647433567407349       ,    1.0862781851669980     
   11.310954412943550       ,    1.0634946139116270       ,    1.0918836747076324     
   11.340989613450319       ,    1.0609321386365280       ,    1.0959324765250840     
   11.371024813957087       ,    1.0577514127094292       ,    1.0988957746718417     
   11.401060014463855       ,    1.0547969689674137       ,    1.1015018108937031     
   11.431095214970625       ,    1.0528384224367466       ,    1.1045250752894342     
   11.461130415477394       ,    1.0523671835310413       ,    1.1085572257890595     
   11.491165615984162       ,    1.0534692399632946       ,    1.1138247161737851     
   11.521200816490932       ,    1.0558083092016957       ,    1.1201058540495099     
   11.551236016997700       ,    1.0587231202278329       ,    1.1267725842060572     
   11.581271217504469       ,    1.0614111179214771       ,    1.1329473277952582     
   11.611306418011237       ,    1.0631472771748698       ,    1.1377325620956049     
   11.641341618518007       ,    1.0634775263691054       ,    1.1404498002357271     
   11.671376819024776       ,    1.0623340068287270       ,    1.1408213130621434     
   11.701412019531544       ,    1.0600417726909948       ,    1.1390434362830775     
   11.731447220038312       ,    1.0572171893307944       ,    1.1357303946768789     
   11.761482420545082       ,    1.0545885406706110       ,    1.1317438376673392     
   11.791517621051851       ,    1.0527906848569213       ,    1.1279554797199485     
   11.821552821558619       ,    1.0521920498285620       ,    1.1250092148127708     
   11.851588022065389       ,    1.0528021294687355       ,    1.1231493619082400     
   11.881623222572157       ,    1.0542839423846371       ,    1.1221631137578707     
   11.911658423078926       ,    1.0560655139507946       ,    1.1214529921229706     
   11.941693623585694       ,    1.0575160857229009       ,    1.1202182759877970     
   11.971728824092464       ,    1.0581345705694936       ,    1.1176934369510241     
   12.001764024599233       ,    1.0576949338642556       ,    1.1133754305737396     
   12.031799225106001       ,    1.0563064345268605       ,    1.1071749292983402     
   12.061834425612771       ,    1.0543721004166156       ,    1.0994483842842615     
   12.091869626119539       ,    1.0524590092093176       ,    1.0909019901712349     
   12.121904826626308       ,    1.0511200792935855       ,    1.0823954338115174     
   12.151940027133076       ,    1.0507214865481316       ,    1.0747021665071517     
   12.181975227639846       ,    1.0513282394034191       ,    1.0682955090674295     
   12.212010428146614       ,    1.0526832405965438       ,    1.0632224848611207     
   12.242045628653383       ,    1.0542872861391595       ,    1.0591019264779551     
   12.272080829160153       ,    1.0555570200852933       ,    1.0552473613744309     
   12.302116029666921       ,    1.0560138387328399       ,    1.0508788401889837     
   12.332151230173690       ,    1.0554463211171328       ,    1.0453617827714408     
   12.362186430680458       ,    1.0539952735481031       ,    1.0384027450114874     
   12.392221631187228       ,    1.0521323279570309       ,    1.0301442763322770     
   12.422256831693996       ,    1.0505341174380554       ,    1.0211303386194555     
   12.452292032200765       ,    1.0498854343346244       ,    1.0121516862426854     
   12.482327232707533       ,    1.0506672438752833       ,    1.0040161446871481     
   12.512362433214303       ,    1.0529921565344531       ,   0.99731141887355423     
   12.542397633721071       ,    1.0565385478902753       ,   0.99223108096528145     
   12.572432834227840       ,    1.0606077551178277       ,   0.98851656947432875     
   12.602468034734610       ,    1.0642939857908189       ,   0.98553430879926340     
   12.632503235241378       ,    1.0667235648413824       ,   0.98246711215827276     
   12.662538435748147       ,    1.0672984769152567       ,   0.97856453895116580     
   12.692573636254915       ,    1.0658753838723050       ,   0.97337813029318332     
   12.722608836761685       ,    1.0628270097288492       ,   0.96691030549128454     
   12.752644037268453       ,    1.0589640668598048       ,   0.95962979370886003     
   12.782679237775222       ,    1.0553343000731630       ,   0.95234516769887878     
   12.812714438281992       ,    1.0529500767035893       ,   0.94597025743137897     
   12.842749638788760       ,    1.0525173336877127       ,   0.94124856255201617     
   12.872784839295528       ,    1.0542402684373906       ,   0.93851816015068279     
   12.902820039802297       ,    1.0577570347512761       ,   0.93758923417805429     
   12.932855240309067       ,    1.0622267870623161       ,   0.93777529971234219     
   12.962890440815835       ,    1.0665471455538285       ,   0.93807495218234749     
   12.992925641322604       ,    1.0696449272991817       ,   0.93745615344846411     
   13.022960841829374       ,    1.0707619881173822       ,   0.93516283986032500     
   13.052996042336142       ,    1.0696583369411139       ,   0.93095389083464697     
   13.083031242842910       ,    1.0666765426743869       ,   0.92520085755322434     
   13.113066443349679       ,    1.0626490578797021       ,   0.91880943726273512     
   13.143101643856449       ,    1.0586731595642234       ,   0.91297999275673669     
   13.173136844363217       ,    1.0558148204579447       ,   0.90887019152882997     
   13.203172044869985       ,    1.0548227058213273       ,   0.90725405950191684     
   13.233207245376756       ,    1.0559309396999246       ,   0.90827672100896584     
   13.263242445883524       ,    1.0588048218998742       ,   0.91138041650144785     
   13.293277646390292       ,    1.0626439723984620       ,   0.91543085494212895     
   13.323312846897061       ,    1.0664134460805421       ,   0.91901618604138657     
   13.353348047403831       ,    1.0691375029827461       ,   0.92083988835842256     
   13.383383247910599       ,    1.0701730841909753       ,   0.92009858361836694     
   13.413418448417367       ,    1.0693857344013138       ,   0.91673569459603976     
   13.443453648924137       ,    1.0671782926459565       ,   0.91149310769366243     
   13.473488849430906       ,    1.0643644997345167       ,   0.90573776704447406     
   13.503524049937674       ,    1.0619239864424856       ,   0.90110357559742083     
   13.533559250444442       ,    1.0607093202721722       ,   0.89904325792418838     
   13.563594450951213       ,    1.0611900406027348       ,   0.90041409033569997     
   13.593629651457981       ,    1.0633086087184749       ,   0.90521636363750924     
   13.623664851964749       ,    1.0664915108652506       ,   0.91256431909773705     
   13.653700052471518       ,    1.0698141804226948       ,   0.92090603145025085     
   13.683735252978288       ,    1.0722735683598670       ,   0.92843848181024669     
   13.713770453485056       ,    1.0730899878145039       ,   0.93360663498604246     
   13.743805653991824       ,    1.0719497896030972       ,   0.93554752499515814     
   13.773840854498594       ,    1.0691158184627478       ,   0.93435113438366157     
   13.803876055005363       ,    1.0653695407293717       ,   0.93105753516821155     
   13.833911255512131       ,    1.0617970399637351       ,   0.92738209060570742     
   13.863946456018899       ,    1.0594770741221085       ,   0.92523779675072282     
   13.893981656525670       ,    1.0591597432274815       ,   0.92618425242522928     
   13.924016857032438       ,    1.0610298564644216       ,   0.93095846889303691     
   13.954052057539206       ,    1.0646275201618456       ,   0.93922515201233092     
   13.984087258045976       ,    1.0689552119483163       ,   0.94962657818338614     
   14.014122458552745       ,    1.0727474479061112       ,   0.96012957933103504     
   14.044157659059513       ,    1.0748310563995558       ,   0.96858198369987203     
   14.074192859566281       ,    1.0744750195468742       ,   0.97332726392750857     
   14.104228060073051       ,    1.0716278084088169       ,   0.97370308962494723     
   14.134263260579820       ,    1.0669683992696950       ,   0.97027520080734819     
   14.164298461086588       ,    1.0617476950803961       ,   0.96472725441652729     
   14.194333661593358       ,    1.0574562952843107       ,   0.95942224470916448     
   14.224368862100127       ,    1.0554059267551497       ,   0.95674591881859194     
   14.254404062606895       ,    1.0563404691221083       ,   0.95841037602551771     
   14.284439263113663       ,    1.0601893681193506       ,   0.96491628197432355     
   14.314474463620433       ,    1.0660409452163839       ,   0.97533686872363146     
   14.344509664127202       ,    1.0723543301311067       ,   0.98750343323772116     
   14.374544864633970       ,    1.0773620461861657       ,   0.99856161309177727     
   14.404580065140738       ,    1.0795590733294953       ,    1.0057601360534385     
   14.434615265647508       ,    1.0781447011711534       ,    1.0072594984055834     
   14.464650466154277       ,    1.0732900721376750       ,    1.0027297957962995     
   14.494685666661045       ,    1.0661467536383398       ,   0.99355287301366013     
   14.524720867167815       ,    1.0585797683617169       ,   0.98254475665593011     
   14.554756067674584       ,    1.0526845408288887       ,   0.97324490661698315     
   14.584791268181352       ,    1.0502105460666760       ,   0.96894446973567783     
   14.614826468688120       ,    1.0520470516843701       ,   0.97171119915784188     
   14.644861669194890       ,    1.0579178494932384       ,   0.98168788149970665     
   14.674896869701659       ,    1.0663826597396362       ,   0.99688458882903719     
   14.704932070208427       ,    1.0751644113737331       ,    1.0135636109069053     
   14.734967270715197       ,    1.0817337039522661       ,    1.0271585972492585     
   14.765002471221965       ,    1.0840076649794437       ,    1.0335167334624085     
   14.795037671728734       ,    1.0809806381091684       ,    1.0301463041568530     
   14.825072872235502       ,    1.0731108977074910       ,    1.0171234223903634     
   14.855108072742272       ,    1.0623412859016677       ,   0.99737381237596312     
   14.885143273249041       ,    1.0517203679778788       ,   0.97618785852812517     
   14.915178473755809       ,    1.0446928323277782       ,   0.96001755627946328     
   14.945213674262579       ,    1.0442175460105649       ,   0.95479605319627880     
   14.975248874769347       ,    1.0519253218862361       ,   0.96416472026911926     
   15.005284075276116       ,    1.0675309107195077       ,   0.98804935828938067     
   15.035319275782884       ,    1.0886624292259766       ,    1.0219767162726829     
   15.065354476289654       ,    1.1111773559763458       ,    1.0573715838683764     
   15.095389676796422       ,    1.1299194346613486       ,    1.0828554222770910     
   15.125424877303191       ,    1.1397631122623224       ,    1.0863303203338084     
   15.155460077809961       ,    1.1367181410350811       ,    1.0574339372641588     
   15.185495278316729       ,    1.1188454689521814       ,   0.98984145910036359     
   15.215530478823498       ,    1.0867726780695917       ,   0.88289897404655604     
   15.245565679330266       ,    1.0436848627894229       ,   0.74220090805933225     
   15.275600879837036       ,   0.99478446082541916       ,   0.57894535095836164     
